Nombre,Institución,Dependencia,Género,Entidad
Abundiz Cisneros Noemi,Universidad Nacional Autónoma de México,Centro de Nanociencias y Nanotecnología,Femenino,Baja California
Acosta Osorio Andrés Antonio,Tecnológico Nacional de México (DGEST),Instituto Tecnológico de Veracruz,Masculino,Veracruz
Aguado Rodríguez Graciano Javier,Universidad Politécnica Francisco I Madero,Universidad Politécnica Francisco I Madero,Masculino,Hidalgo
Aguilar Carrillo De Albornoz Javier,Universidad Autónoma de San Luis Potosí,Coordinación para la Innovación y Aplicación de la Ciencia,Masculino,San Luis Potosí
Aguilar Hernandez Maria Montserrat,Instituto Nacional de Pediatría,Instituto Nacional de Pediatría,Femenino,Distrito Federal
Aguilar Rodríguez Adriana,"Centro de Investigación en Geografía y Geomática Ing. Jorge L. Tamayo, A.C.","Centro de Investigación en Geografía y Geomática Ing. Jorge L. Tamayo, A.C.",Femenino,Aguascalientes
Aguilera Aguirre Selene,Tecnológico Nacional de México (DGEST),Instituto Tecnológico de Tepic,Femenino,Nayarit
Aguilera Navarrete Israel,Tecnológico Nacional de México (DGEST),Instituto Tecnológico de Morelia,Masculino,Michoacán
Ahumada Valenzuela Omar,Universidad de Occidente,Unidad Culiacán,Masculino,Sinaloa
Alamilla Gonzalez Javier Francisco,Universidad de Colima,Facultad de Arquitectura,Masculino,Colima
Alatorre Cobos Fulgencio,Colegio de Postgraduados,Colegio de Postgraduados,Masculino,Campeche
Alatorre Meda Manuel,Tecnológico Nacional de México (DGEST),Instituto Tecnológico de Tijuana,Masculino,Baja California
Alcalá Burgos José Vidal,"Centro de Investigación en Matemáticas, A.C.",CIMAT Mérida,Masculino,Yucatán
Alcázar Vara Luis Alberto,Instituto Mexicano del Petróleo,"Delegación Regional Norte ( Poza Rica, Ver. )",Masculino,Veracruz
Aldana Bobadilla Edwyn Javier,Centro de Investigación y de Estudios Avanzados del IPN,Centro de Investigación y de Estudios Avanzados del IPN,Masculino,Tamaulipas
Aldasoro Maya Elda Miriam,El Colegio de la Frontera Sur,Unidad Tapachula,Femenino,Chiapas
Alejo Molina Adalberto,Universidad Autónoma Del Estado de Morelos,Centro de Investigaciones Químicas,Masculino,Morelos
Alonso Gomez Alejandro Rafael,Universidad Autónoma Metropolitana,Division de Ciencias Básicas e Ingeniería. Azcapotzalco,Masculino,Distrito Federal
Alonso Lemus Ivonne Liliana,Centro de Investigación y de Estudios Avanzados del IPN,Unidad Saltillo,Femenino,Coahuila
Alonso Segura Diana,Tecnológico Nacional de México (DGEST),Instituto Tecnológico de Nuevo León,Femenino,Nuevo León
Alonso Villegas Rodrigo,Centro de Investigación y Asistencia en Tecnología y Diseño del Edo. de Jalisco,División de Biotecnología,Masculino,Yucatán
Alpuche Osorno Juan José,Universidad Autónoma Benito Juarez de Oaxaca,Facultad de Medicina y Cirugía,Masculino,Oaxaca
Alvarado  Maria Del Socorro,"El Colegio de Michoacán, A.C.",Centro de Estudios Antropológicos,Femenino,Michoacán
Alvarado Barrientos María Susana,El Colegio de la Frontera Sur,Unidad Chetumal,Femenino,Quintana Roo
Alvarado Flores Jesús,"Centro de Investigación Científica de Yucatán, A.C.",Unidad de Ciencias del Agua,Masculino,Quintana Roo
Alvarado López Carlos Juan,Tecnológico Nacional de México (DGEST),Instituto Tecnológico Agropecuario No. 2 Conkal Yucatán,Masculino,Yucatán
Alvarado Rivera Josefina,Universidad de Sonora,Dirección de Investigación y Posgrado,Femenino,Sonora
Alvarez Arellano María De Lourdes,Hospital Infantil de México Dr. Federico Gómez,Subdirección de Investigación,Femenino,Distrito Federal
Alvarez Bajo Osiris,"Centro de Investigación en Alimentación y Desarrollo, A.C.",Dirección General ,Femenino,Sonora
Alvarez Fitz Patricia,Universidad Autónoma de Guerrero,Escuela Superior de Agricultura,Femenino,Guerrero
Alvarez Gutierrez Peggy Elizabeth,Tecnológico Nacional de México (DGEST),Instituto Tecnológico de Tuxtla Gutiérrez,Femenino,Chiapas
Amador Díaz López Julio César,"Centro de Investigación y Docencia Económicas, A.C.",Depto. de Administración Pública,Masculino,Distrito Federal
Amador Espejo Genaro Gustavo,Instituto Politécnico Nacional,Centro de Investigación en Biotecnología Aplicada,Masculino,Tlaxcala
Andres Rosales Roldan,"Centro de Investigación en Geografía y Geomática Ing. Jorge L. Tamayo, A.C.","Centro de Investigación en Geografía y Geomática Ing. Jorge L. Tamayo, A.C.",Masculino,Distrito Federal
Andueza Noh Ruben Humberto,Tecnológico Nacional de México (DGEST),Instituto Tecnológico Agropecuario No. 2 Conkal Yucatán,Masculino,Yucatán
Aparicio Simón Benjamín,"Centro de Investigaciones Biológicas del Noroeste, S.C.",Unidad Nayarit,Masculino,Nayarit
Aréchiga Figueroa Ivan Arael,Universidad Autónoma de San Luis Potosí,Facultad de Medicina,Masculino,San Luis Potosí
Arellanes Cancino Nimcy,Tecnológico Nacional de México (DGEST),Instituto Tecnológico de Oaxaca,Femenino,Oaxaca
Arellanes Cancino Yaayé,Universidad Michoacana de San Nicolás de Hidalgo,Facultad de Economía,Femenino,Michoacán
Arellanes Robledo Jaime,Instituto Nacional de Medicina Genómica,Instituto Nacional de Medicina Genómica,Masculino,Distrito Federal
Arias Ceron José Saúl,Centro de Investigación y de Estudios Avanzados del IPN,Dirección General,Masculino,Distrito Federal
Ariza Flores Augusto David,Universidad Autónoma de San Luis Potosí,Coordinación para la Innovación y Aplicación de la Ciencia,Masculino,San Luis Potosí
Ariza Gutiérrez Ana Carolina Guadalupe,Instituto Nacional de Salud Pública,Instituto Nacional de Salud Pública,Femenino,Morelos
Armida Alcudia Liliana,Colegio de Postgraduados,Campus Veracruz,Femenino,Veracruz
Arnold Hernández Edith,Universidad Nacional Autónoma de México,Instituto de Neurobiología,Femenino,Querétaro
Arriaga Trejo Israel Alejandro,Universidad Autónoma de Zacatecas,Unidad Académica de Ingeniería Eléctrica,Masculino,Zacatecas
Arvizu Barron Ezequiel,Colegio de Postgraduados,Campus Veracruz,Masculino,Veracruz
Aryal  Deb Raj,Universidad Autónoma de Chiapas,Universidad Autónoma de Chiapas,Masculino,Chiapas
Ascencio Alvarez Ada,Universidad Tecnológica de la Mixteca,Division de Estudios de Posgrado,Femenino,Oaxaca
Atuesta Becerra Laura Helena,"Centro de Investigación y Docencia Económicas, A.C.",Secretaría Académica,Femenino,Aguascalientes
Avellán López Denis Ramón,Universidad Nacional Autónoma de México,Instituto de Geofísica,Masculino,Michoacán
Avendaño Camacho Msael,Universidad de Sonora,Dirección de Investigación y Posgrado,Masculino,Sonora
Ávila Barrientos Lenin,"Centro de Investigación Científica y de Educación Superior de Ensenada, B.C.","Centro de Investigación Científica y de Educación Superior de Ensenada, B.C.",Masculino,Baja California
Avila Forcada Sara,Facultad Latinoamericana de Ciencias Sociales,Facultad Latinoamericana de Ciencias Sociales,Femenino,Distrito Federal
Ávila George Himer,"Centro de Investigación Científica y de Educación Superior de Ensenada, B.C.","Centro de Investigación Científica y de Educación Superior de Ensenada, B.C.",Masculino,Nayarit
Ávila Poveda Omar Hernando,Universidad Autónoma de Sinaloa,Escuela de Ciencias Del Mar,Masculino,Sinaloa
Ávila Soria Griselda,Universidad de Guadalajara,Centro Universitario de Ciencias Biológicas y Agropecuarias,Femenino,Jalisco
Ayala Berdón Jorge Israel,Universidad Autónoma de Tlaxcala,Centro de Investigación en Ciencias Biológicas,Masculino,Tlaxcala
Ayala Orozco Bárbara,Universidad Nacional Autónoma de México,Centro de Investigaciones en Ecosistemas,Femenino,Michoacán
Ayil Gutiérrez Gutiérrez Benjamín Abraham,Instituto Politécnico Nacional,Centro de Biotecnología Genómica,Masculino,Tamaulipas
Badillo Zapata Daniel,Universidad de Guadalajara,Centro Universitario de la Costa,Masculino,Jalisco
Baltiérrez Hoyos Rafael,Universidad Autónoma Benito Juarez de Oaxaca,Facultad de Medicina y Cirugía,Masculino,Oaxaca
Baqueiro Peña Itzamna,"Centro de Investigación en Alimentación y Desarrollo, A.C.",Dirección de Tecnología de Alimentos de Origen Animal,Femenino,Sonora
Barahona Torres Jesus Igor Heberto,Universidad Nacional Autónoma de México,Instituto de Matemáticas,Masculino,Morelos
Barajas Espinosa Alma,Universidad Autónoma de San Luis Potosí,Facultad de Medicina,Femenino,San Luis Potosí
Barcenas Patiño Ismael Everardo,Universidad Veracruzana,Instituto de Investigaciones Historico-Sociales,Masculino,Veracruz
Barragan Torres Felipe,"Instituto Potosino de Investigación Cientifica y Tecnológica, A.C.",Depto. de Biología Molecular,Masculino,San Luis Potosí
Barranco Gutiérrez Alejandro Israel,Tecnológico Nacional de México (DGEST),Instituto Tecnológico de Celaya,Masculino,Guanajuato
Barraza Celis Aarón,"Centro de Investigaciones Biológicas del Noroeste, S.C.",Programa de Agricultura en Zonas Áridas,Masculino,Baja California Sur
Barrera Méndez Felipe,"Instituto de Ecología, A.C.","Instituto de Ecología, A.C.",Masculino,Veracruz
Barrientos Gutiérrez Nelly Eblin,Universidad Del Papaloapan,Campus Tuxtepec,Femenino,Oaxaca
Bastian Hernandez Yadira,Instituto Mexicano del Seguro Social (IMSS),Coordinación de Investigación en Salud,Femenino,Distrito Federal
Batis Ruvalcaba Carolina,Instituto Nacional de Salud Pública,Instituto Nacional de Salud Pública,Femenino,Morelos
Bautista Guzmán Irais,Benemérita Universidad Autónoma de Puebla,Benemérita Universidad Autónoma de Puebla,Femenino,Puebla
Bautista Redonda Francisco Elihu,"Instituto Potosino de Investigación Cientifica y Tecnológica, A.C.",DEPTO. de BIOLOGIA MOLECULAR,Masculino,San Luis Potosí
Becerra Sánchez Mariana,El Colegio de Sonora,Coordinación General Académica,Femenino,Sonora
Becerril Miranda Hector,Universidad Autónoma de Guerrero,Escuela de Arquitectura y Urbanismo,Masculino,Guerrero
Becerril Tinoco Citlalli Aidee,Instituto de Investigaciones Dr. José María Luis Mora,Instituto de Investigaciones Dr. José María Luis Mora,Femenino,Distrito Federal
Beiza Granados Lidia,Universidad Michoacana de San Nicolás de Hidalgo,Instituto de Investigaciones Quimico Biológicas,Femenino,Michoacán
Bermudez Urbina Flor Marina,Centro de Investigación y Estudios Superiores en Antropología Social,Unidad Pacífico Sur,Femenino,Oaxaca
Bernal Guillén Martha María,Universidad Autónoma de Zacatecas,Unidad Académica de Matemáticas,Femenino,Zacatecas
Betanzos Fernandez Abigail,Centro de Investigación y de Estudios Avanzados del IPN,Centro de Investigación y de Estudios Avanzados del IPN,Femenino,Distrito Federal
Blancas Zugarazo Sugela Susana,Universidad Autónoma de Aguascalientes,Centro de Ciencias Básicas,Femenino,Aguascalientes
Blanco Parra Maria Del Pilar,Universidad de Quintana Roo,División de Ciencias e Ingenierías,Femenino,Quintana Roo
Bojórquez Quintal Jesús Emanuel De Atocha,"El Colegio de Michoacán, A.C.",LADIPA,Masculino,Michoacán
Bonasia  Rosanna,Instituto Politécnico Nacional,Escuela Superior de Ingeniería y Arquitectura,Femenino,México
Borunda Pacheco Monica,Instituto de Investigaciones Eléctricas,Division de Sistemas Mecánicos,Femenino,Morelos
Bruce  Benjamin,"El Colegio de la Frontera Norte, A.C.",Dirección General Académica,Masculino,Baja California
Bustos Terrones Yaneth Alejandra,Tecnológico Nacional de México (DGEST),Instituto Tecnológico de Culiacán,Femenino,Sinaloa
Caamal Chan María Goretty,"Centro de Investigaciones Biológicas del Noroeste, S.C.",Programa de Agricultura en Zonas Áridas,Femenino,Baja California Sur
Cach Pérez Manuel Jesús,El Colegio de la Frontera Sur,Unidad Tapachula,Masculino,Chiapas
Calva Sánchez Luis Enrique,"El Colegio de la Frontera Norte, A.C.",Dirección General Académica,Masculino,Baja California
Calvario Parra Jose Eduardo,El Colegio de Sonora,Coordinación General Académica,Masculino,Sonora
Calvario Rivera Claudia Irene,Universidad Autónoma de Tlaxcala,Centro de Investigaciones en Genética y Ambiente,Femenino,Tlaxcala
Calzada Lara Gabriel,Centro Nacional de Investigación y Desarrollo Tecnológico,Departamento de Ingeniería Electrónica,Masculino,Morelos
Camacho Tapia Nayeli,Centro de Ingeniería y Desarrollo Industrial,Dirección de Investigación y Posgrado,Femenino,Querétaro
Camacho Valdez Vera,El Colegio de la Frontera Sur,Unidad San Cristóbal de las Casas,Femenino,Chiapas
Camacho Villegas Tanya Amanda,Centro de Investigación y Asistencia en Tecnología y Diseño del Edo. de Jalisco,Centro de Investigación y Asistencia en Tecnología y Diseño del Edo. de Jalisco,Femenino,Jalisco
Campos García Huitziméngari,Instituto Politécnico Nacional,Centro Interdisciplinario de Inv. para el Desarrollo..Ciidir,Masculino,Michoacán
Canales Delgadillo Julio Cesar,Universidad Nacional Autónoma de México,Instituto de Ciencias del Mar y Limnología,Masculino,Campeche
Candelaria Martinez Bernardino,Colegio de Postgraduados,Campus Campeche,Masculino,Campeche
Cano Marquez Abraham Guadalupe,"Centro de Investigación en Materiales Avanzados, S.C.",Depto. de Energías Renovables y Protección del Medio Ambiente,Masculino,Nuevo León
Cano Sarmiento Cynthia,Tecnológico Nacional de México (DGEST),Instituto Tecnológico de Veracruz,Femenino,Veracruz
Cantarero López Jose Maria,"Centro de Investigación en Matemáticas, A.C.",CIMAT Mérida,Masculino,Yucatán
Cantoral Preciado Alejandra De Jesus,Instituto Nacional de Salud Pública,Instituto Nacional de Salud Pública,Femenino,Morelos
Caram Salas Nadia Lizeth,"Instituto de Ecología, A.C.","Instituto de Ecología, A.C.",Femenino,Veracruz
Carballosa Torres Walter,Universidad Autónoma de Zacatecas,Unidad Académica de Matemáticas,Masculino,Zacatecas
Cardenas Conejo Yair,Universidad de Colima,Coordinación de Investigación Científica,Masculino,Colima
Cardona Félix César Salvador,Instituto Politécnico Nacional,Centro Interdisciplinario de Ciencias Marinas,Masculino,Baja California Sur
Cardoso Mohedano José Gilberto,Universidad Nacional Autónoma de México,Instituto de Ciencias del Mar y Limnología,Masculino,Campeche
Carmona Rodríguez Roberto,Universidad Autónoma de Baja California,Coordinación de Posgrado e Investigación,Masculino,Baja California
Carrasco Gómez Mónica,Centro de Investigación y Estudios Superiores en Antropología Social,Unidad Sureste,Femenino,Chiapas
Carrillo Catalán Ramiro,Universidad Pedagógica Nacional,Unidad 201 Oaxaca,Masculino,Oaxaca
Carrillo López Luis Manuel,Universidad Autónoma de Chihuahua,Facultad de Ingeniería,Masculino,Chihuahua
Cartas Rosado Raúl,Instituto Nacional de Cardiología Dr. Ignacio Chávez,Instituto Nacional de Cardiología Dr. Ignacio Chávez,Masculino,Distrito Federal
Casados Vázquez Luz Edith,Universidad de Guanajuato,Campus León,Femenino,Guanajuato
Casanova González Edgar,Universidad Nacional Autónoma de México,Instituto de Física,Masculino,Distrito Federal
Casañas Pimentel Rocio Guadalupe,Instituto Politécnico Nacional,Centro de Investigación en Ciencia Aplicada y Tecnología Avanzada del IPN,Femenino,Distrito Federal
Casas Beltran Diego Armando,"Centro de Investigación Científica de Yucatán, A.C.",Unidad de Ciencias del Agua,Masculino,Quintana Roo
Castañeda Delgado Julio Enrique,Instituto Mexicano del Seguro Social (IMSS),Coordinación de Investigación en Salud,Masculino,Distrito Federal
Castelblanco Martínez Delma Nataly,Universidad de Quintana Roo,División de Ciencias e Ingenierías,Femenino,Quintana Roo
Castillo Domínguez Edgar,Instituto Nacional de Astrofísica Óptica y Electrónica,Área de Electrónica,Masculino,Puebla
Castillo Guerrero José Alfredo,Universidad de Guadalajara,Centro Universitario de la Costa Sur,Masculino,Jalisco
Castillo Juárez Israel,Colegio de Postgraduados,Campus Montecillo,Masculino,México
Castillo Lopez Ezequias,Universidad Autónoma de Baja California,Coordinación de Posgrado e Investigación,Masculino,Baja California
Castillo Padilla Diana Veronica,Instituto Nacional de Psiquiatría Ramón de la Fuente Muñiz,Instituto Nacional de Psiquiatría Ramón de la Fuente Muñiz,Femenino,Distrito Federal
Castillo Rivera José Juan Francisco,Universidad Autónoma de San Luis Potosí,Coordinación para la Innovación y Aplicación de la Ciencia,Masculino,San Luis Potosí
Castillo Rodríguez Rosa Angélica,Instituto Nacional de Pediatría,Instituto Nacional de Pediatría,Femenino,Distrito Federal
Castillo Santos Francisco Eduardo,Universidad Juárez Autónoma de Tabasco,Division Académica de Ciencias Biológicas,Masculino,Tabasco
Castillo Villa Pedro Osmany,Tecnológico Nacional de México (DGEST),Instituto Tecnológico de Oaxaca,Masculino,Oaxaca
Castro Ceseña Ana Bertha,Centro de Investigación y Desarrollo Tecnológico en Electroquímica,Depto. de Electroquímica,Femenino,Baja California
Castro Chacón Joel Humberto,Universidad Nacional Autónoma de México,Instituto de Astronomía,Masculino,Baja California
Castro García Ricardo,Universidad Autónoma de San Luis Potosí,Coordinación para la Innovación y Aplicación de la Ciencia,Masculino,San Luis Potosí
Castro Guerrero Carlos Fernando,Instituto de Investigaciones Eléctricas,División de Sistemas de Control,Masculino,Morelos
Castro Manrreza Marta Elena,Hospital Infantil de México Dr. Federico Gómez,Coordinación de los Institutos Nacionales de Salud,Femenino,Distrito Federal
Castro Sánchez Andrea,Instituto Nacional de Cancerología,Instituto Nacional de Cancerología,Femenino,Distrito Federal
Castro Sánchez Luis Alberto,Universidad de Colima,Facultad de Arquitectura,Masculino,Colima
Castro Santana Anaclara,Instituto Nacional de Pediatría,Instituto Nacional de Pediatría,Femenino,Distrito Federal
Castruita De León Griselda,Centro de Investigación en Química Aplicada,Dirección de Vinculación y Investigación,Femenino,Coahuila
Ceballos Pérez Sergio Gabriel,El Colegio Del Estado de Hidalgo,El Colegio Del Estado de Hidalgo,Masculino,Hidalgo
Ceballos Sanchez Oscar,Universidad Autónoma de Nuevo León,Facultad de Ingeniería Mecánica y Eléctrica,Masculino,Nuevo León
Centeno Leija Sara Guillermina,Universidad de Colima,Coordinación de Investigación Científica,Femenino,Colima
Cerda Méndez Edgar Armando,Universidad Autónoma de San Luis Potosí,Instituto de Física,Masculino,San Luis Potosí
Cerezo Mota Ruth,Universidad Nacional Autónoma de México,Instituto de Ingeniería,Femenino,Yucatán
Cerón Camacho Ricardo,Instituto Mexicano del Petróleo,Dirección de Investigación y Posgrado,Masculino,Hidalgo
Cervantes García Daniel,Universidad Autónoma de Aguascalientes,Centro de Ciencias Básicas,Masculino,Aguascalientes
Chan Chan Lerma Hanaiy,Universidad de Sonora,Dirección de Investigación y Posgrado,Femenino,Sonora
Charbonnier  Fabien Sylvain Jacky,El Colegio de la Frontera Sur,Unidad Tapachula,Masculino,Chiapas
Chavez Alvarez Maria Jazmin,Universidad Nacional Autónoma de México,Instituto de Geofísica,Femenino,Michoacán
Chávez Gutierrez Miguel,Instituto Politécnico Nacional,Centro Interdisciplinario de Inv. para el Desarrollo..Ciidir,Masculino,Oaxaca
Chávez Rodríguez Danilo,Universidad Autónoma Metropolitana,Unidad Xochimilco,Masculino,Distrito Federal
Chávez Rodríguez Libertad,Centro de Investigación y Estudios Superiores en Antropología Social,Unidad Occidente,Femenino,Jalisco
Chávez Urbiola Edgar Arturo,Universidad Autónoma Del Estado de Hidalgo,Centro de Investigaciones Biológicas,Masculino,Hidalgo
Choix Ley Francisco Javier,Universidad de Guadalajara,Centro Universitario de Ciencias Exactas e Ingenierías,Masculino,Jalisco
Cholico Gonzalez Diana,Universidad Michoacana de San Nicolás de Hidalgo,Instituto de Investigaciones Metalúrgicas,Femenino,Michoacán
Cibrián Llanderal Iliana Tamara,Universidad Veracruzana,Instituto de Investigaciones Historico-Sociales,Femenino,Veracruz
Cisneros De La Cruz Bruno Aarón,Universidad Nacional Autónoma de México,Instituto de Matemáticas,Masculino,Oaxaca
Cisneros Devora Rodolfo,Instituto Mexicano del Petróleo,Dirección de Investigación y Posgrado,Masculino,Hidalgo
Cobos Murcia José Angel,Universidad Autónoma Del Estado de Hidalgo,Centro de Investigaciones Biológicas,Masculino,Hidalgo
Colin Ramirez Eloisa,Instituto Nacional de Cardiología Dr. Ignacio Chávez,Instituto Nacional de Cardiología Dr. Ignacio Chávez,Femenino,Distrito Federal
Colli Dula Reyna Cristina,Centro de Investigación y de Estudios Avanzados del IPN,Unidad Mérida,Femenino,Yucatán
Compean Jasso Victor Hugo,Universidad Autónoma de San Luis Potosí,Coordinación para la Innovación y Aplicación de la Ciencia,Masculino,San Luis Potosí
Contreras Medina David Israel,Centro de Investigación y Asistencia en Tecnología y Diseño del Edo. de Jalisco,División de Biotecnología,Masculino,Guerrero
Corbo Camargo Fernando,Universidad Nacional Autónoma de México,Centro de Geociencias,Masculino,Querétaro
Cornejo Garcia Raymundo,Universidad Autónoma de Chihuahua,Facultad de Ingeniería,Masculino,Chihuahua
Cornejo Hernández Amaranta,Universidad de Ciencias y Artes de Chiapas,Centro de Estudios Superiores México-Centroamérica,Femenino,Chiapas
Corona Romero Pedro,Universidad Nacional Autónoma de México,Instituto de Geofísica,Masculino,Michoacán
Correa Pacheco Zormy Nacary,Instituto Politécnico Nacional,Centro de Desarrollo de Productos Bióticos,Femenino,Morelos
Cortés Maldonado Ismael,Universidad Michoacana de San Nicolás de Hidalgo,Escuela de Ciencias Físico Matemáticas,Masculino,Michoacán
Cortez Valadez José Manuel,Universidad de Sonora,Dirección de Investigación y Posgrado,Masculino,Sonora
Cosme Bolaños Ismael,Instituto Nacional de Astrofísica Óptica y Electrónica,Área de Electrónica,Masculino,Puebla
Costa De Almeida Tenreiro Miguel José,"Centro de Investigación Científica y de Educación Superior de Ensenada, B.C.",Dirección de Estudios de Posgrado,Masculino,Baja California
Courtoy  Aurore Marie Pascale Nicole,Centro de Investigación y de Estudios Avanzados del IPN,Centro de Investigación y de Estudios Avanzados del IPN,Femenino,Distrito Federal
Coyoy Salgado Angélica Berenice,Instituto Mexicano del Seguro Social (IMSS),Centro Médico Nacional Siglo XXI,Femenino,Distrito Federal
Cruz Aceves Ivan,"Centro de Investigación en Matemáticas, A.C.",CIMAT Guanajuato,Masculino,Guanajuato
Cruz Castro Oscar,Universidad Autónoma Del Estado de México,Facultad de Ingeniería,Masculino,México
Cruz Meléndez Christian Arturo,Universidad de la Sierra Sur,División de Estudios de Posgrado,Masculino,Oaxaca
Cruz Ramos Mirna,Centro de Investigación y Estudios Superiores en Antropología Social,Unidad Sureste,Femenino,Chiapas
Cruz Rodríguez Ignacio Javier,Universidad Autónoma de Coahuila,Universidad Autónoma de Coahuila,Masculino,Coahuila
Cruz Vega Israel,Instituto Nacional de Astrofísica Óptica y Electrónica,Área de Ciencias Computacionales,Masculino,Puebla
Dagnino Acosta Adan,Universidad de Colima,Facultad de Arquitectura,Masculino,Colima
De Alba Casillas Hernán,Universidad Autónoma de Zacatecas,Unidad Académica de Matemáticas,Masculino,Zacatecas
De La Cruz Orozco Ivania,"Centro de Investigación y Docencia Económicas, A.C.",Secretaría Académica,Femenino,Distrito Federal
De La Cruz Soto Javier,Instituto de Investigaciones Eléctricas,Division de Sistemas Mecánicos,Masculino,Morelos
De La Cruz Terrazas Edna Carina,Instituto Politécnico Nacional,Centro de Investigación en Ciencia Aplicada y Tecnología Avanzada del IPN,Femenino,Tamaulipas
De La Luz Rodríguez Victor Hugo,Universidad Nacional Autónoma de México,Instituto de Geofísica,Masculino,Michoacán
De La Luz Tlapaya Veronica,Universidad Autónoma Metropolitana,División de Ciencias Básicas e Ingeniería. Iztapalapa,Femenino,Distrito Federal
De La Mora Mojica María Beatriz,Universidad Nacional Autónoma de México,Centro de Ciencias Aplicadas y Desarrollo Tecnológico,Femenino,Distrito Federal
De La Rosa Castillo Miguel Angel,Universidad Juárez Autónoma de Tabasco,Division Académica de Ciencias Biológicas,Masculino,Tabasco
De Los Santos Villalobos Sergio,Instituto Tecnológico de Sonora,Dirección de la Division de Recursos Naturales,Masculino,Sonora
De Luna Bugallo Andrés,Centro de Investigación y de Estudios Avanzados del IPN,Unidad Querétaro,Masculino,Querétaro
Dehesa Carrasco Ulises,Instituto Mexicano de Tecnología Del Agua,Coordinación de Riego y Drenaje,Masculino,Morelos
Diaz Cancino Olga Rocío,Colegio de Postgraduados,Campus Puebla,Femenino,Puebla
Díaz De La Vega Pérez Anibal Helios,Universidad Autónoma de Tlaxcala,Centro de Investigación en Ciencias Biológicas,Masculino,Tlaxcala
Díaz Guillén Juan Carlos,"Corporación Mexicana de Investigación en Materiales, S.A. de C.V.",Dirección de Transferencia de Tecnología,Masculino,Coahuila
Diaz Herrera Edgar,Instituto Nacional de Salud Pública,Instituto Nacional de Salud Pública,Masculino,Morelos
Díaz Montes Julio César,Universidad Autónoma Del Estado de México,Facultad de Ingeniería,Masculino,México
Diaz Ortiz Erik Ignacio,Universidad Pedagógica Nacional,Unidad 201 Oaxaca,Masculino,Oaxaca
Dominguez Cruz Rocio Berenice,"Centro de Investigación en Materiales Avanzados, S.C.",Depto. de Metalurgia,Femenino,Chihuahua
Dominguez Del Angel Victoria Fabia,Colegio de Postgraduados,Colegio de Postgraduados,Femenino,Campeche
Domínguez Juarez Jorge Luis,Universidad Nacional Autónoma de México,Centro de Física Aplicada y Tecnología Avanzada,Masculino,Querétaro
Domínguez Martínez Tecelli,Instituto Nacional de Psiquiatría Ramón de la Fuente Muñiz,Instituto Nacional de Psiquiatría Ramón de la Fuente Muñiz,Femenino,Distrito Federal
Domínguez Pérez Luis Julian,"Centro de Investigación en Matemáticas, A.C.",CIMAT Zacatecas,Masculino,Zacatecas
Donoso Jiménez Javiera,Universidad Autónoma de Guerrero,Facultad de Ingeniería,Femenino,Guerrero
Dor  Ariane Liliane Jeanne,El Colegio de la Frontera Sur,Unidad Tapachula,Femenino,Chiapas
Dorantes Jiménez Jaime,Colegio de Postgraduados,Campus Campeche,Masculino,Campeche
Douterlungne Rotsaert David,"Instituto Potosino de Investigación Cientifica y Tecnológica, A.C.",Depto. de Biología Molecular,Masculino,San Luis Potosí
Duarte  Andrés Daniel,Universidad Autónoma de Zacatecas,Unidad Académica de Matemáticas,Masculino,Zacatecas
Duarte Cruz José María,El Colegio de la Frontera Sur,Unidad Tapachula,Masculino,Chiapas
Duarte Villaseñor Miguel,Tecnológico Nacional de México (DGEST),Instituto Tecnológico de Tijuana,Masculino,Baja California
Duran Sánchez Manuel,Instituto Nacional de Astrofísica Óptica y Electrónica,Área de Electrónica,Masculino,Puebla
Dzul Erosa Mercy Sugey,Universidad de Guanajuato,Campus León,Femenino,Guanajuato
Elizondo Cordero Alejandra,"Centro de Investigación y Docencia Económicas, A.C.",Depto. de Administración Pública,Femenino,Distrito Federal
Elizondo Quiroga Armando,Instituto Nacional de Salud Pública,Instituto Nacional de Salud Pública,Masculino,Chiapas
Enríquez Valencia Raúl,Tecnológico Nacional de México (DGEST),Instituto Tecnológico de Oaxaca,Masculino,Oaxaca
Escalera Vazquez Luis Humberto,Universidad Michoacana de San Nicolás de Hidalgo,Instituto de Investigaciones Sobre los Recursos Naturales,Masculino,Michoacán
Escobar Morales Beatriz,"Centro de Investigación Científica de Yucatán, A.C.",Unidad de Ciencias del Agua,Femenino,Yucatán
Escobar Sánchez Ofelia,Universidad Autónoma de Sinaloa,Escuela de Ciencias Del Mar,Femenino,Sinaloa
Escobedo Fregoso Cristina,"Centro de Investigaciones Biológicas del Noroeste, S.C.",Programa de Acuicultura y Biotecnología Marina,Femenino,Baja California Sur
Escorcia García José,Centro de Investigación y de Estudios Avanzados del IPN,Unidad Saltillo,Masculino,Coahuila
Espejel Garcia Anastacio,Universidad Autónoma Chapingo,Universidad Autónoma Chapingo,Masculino,México
Espindola Mata Juan,"Centro de Investigación y Docencia Económicas, A.C.",Secretaría Académica,Masculino,Distrito Federal
Espinosa Chaurand Luis Daniel,"Centro de Investigaciones Biológicas del Noroeste, S.C.",Unidad Nayarit,Masculino,Nayarit
Espinosa Guzmán Alberto Antonio,Universidad Autónoma de Campeche,Centro de Estudios de Desarrollo Sustentable y de Aprovechamiento,Masculino,Campeche
Espinosa Marquez Araceli,Centro de Investigación y Estudios Superiores en Antropología Social,Unidad Occidente,Femenino,Jalisco
Espinoza Ojeda Orlando Miguel,Universidad Michoacana de San Nicolás de Hidalgo,Instituto de Investigaciones Metalúrgicas,Masculino,Michoacán
Esquivel González Reynaldo,Universidad de Sonora,Dirección de Investigación y Posgrado,Masculino,Sonora
Esquivel Prado Pedro,Tecnológico Nacional de México (DGEST),Instituto Tecnológico de La Laguna,Masculino,Coahuila
Estrada Moreno Ivan Alziri,"Centro de Investigación en Materiales Avanzados, S.C.",Depto. de Metalurgia,Masculino,Chihuahua
Estrada Muñoz Norma Angélica,"Centro de Investigaciones Biológicas del Noroeste, S.C.",Programa de Acuicultura y Biotecnología Marina,Femenino,Baja California Sur
Estrada Torres José Antonio,Centro de Ingeniería y Desarrollo Industrial,Dirección de Investigación y Posgrado,Masculino,Querétaro
Fabela Morón Miriam Fabiola,Centro de Investigación y Asistencia en Tecnología y Diseño del Edo. de Jalisco,División de Biotecnología,Femenino,Yucatán
Falfan Cortes Reyna Nallely,Universidad Autónoma Del Estado de Hidalgo,Centro de Investigaciones Biológicas,Femenino,Hidalgo
Faustino Vega Abraham,Universidad Autónoma Metropolitana,Unidad Xochimilco,Masculino,Distrito Federal
Fernández Herrera María Antonieta,Centro de Investigación y de Estudios Avanzados del IPN,Unidad Mérida,Femenino,Yucatán
Fernandez Valverde Selene Lizbeth,Centro de Investigación y de Estudios Avanzados del IPN,Centro de Investigación y de Estudios Avanzados del IPN,Femenino,Guanajuato
Ferreira De Loza Dolores Alejandra,Instituto Politécnico Nacional,Centro de Investigación y Desarrollo de Tecnología Digital,Femenino,Baja California
Figueroa González Gabriela,Instituto Nacional de Cancerología,Instituto Nacional de Cancerología,Femenino,Distrito Federal
Figueroa Hernández Claudia,Centro de Investigación y Asistencia en Tecnología y Diseño del Edo. de Jalisco,División de Biotecnología,Femenino,Yucatán
Figueroa Lara Aldo,Universidad Autónoma Del Estado de Morelos,Centro de Investigaciones Químicas,Masculino,Morelos
Figueroa Martinez Francisco Javier,Universidad Autónoma Metropolitana,Division de Ciencias Biológicas y de la Salud. Iztapalapa,Masculino,Distrito Federal
Figueroa Ortiz Carlos Obed,Universidad de Guadalajara,Centro Universitario de Ciencias Económico Administrativas,Masculino,Jalisco
Figueroa Romeo Dolores,Centro de Investigación y Estudios Superiores en Antropología Social,Unidad - D.F.,Femenino,Distrito Federal
Fimbres Weihs Gustavo Adolfo,Instituto Tecnológico de Sonora,Dirección de la Division de Recursos Naturales,Masculino,Sonora
Flores Cuautle Jose De Jesus Agutin,Tecnológico Nacional de México (DGEST),Instituto Tecnológico de Orizaba,Masculino,Veracruz
Flores Johnson Emmanuel Alejandro,"Centro de Investigación Científica de Yucatán, A.C.",Dirección General,Masculino,Yucatán
Flores Ramirez Rogelio,Universidad Autónoma de San Luis Potosí,Coordinación para la Innovación y Aplicación de la Ciencia,Masculino,San Luis Potosí
Flores Ramos Monica,Instituto Nacional de Psiquiatría Ramón de la Fuente Muñiz,Instituto Nacional de Psiquiatría Ramón de la Fuente Muñiz,Femenino,Distrito Federal
Flores Romero Erick,Universidad Nacional Autónoma de México,Instituto de Física,Masculino,Distrito Federal
Flores Vichi Felipe,Instituto Politécnico Nacional,Centro Interdisciplinario de Inv. para el Desarrollo..Ciidir,Masculino,Durango
Flota Bañuelos Carolina,Colegio de Postgraduados,Campus Campeche,Femenino,Campeche
Fragoso Lugo Perla Orquídea,Universidad de Ciencias y Artes de Chiapas,Centro de Estudios Superiores México-Centroamérica,Femenino,Chiapas
Franco Urquiza Edgar Adrian,Centro de Ingeniería y Desarrollo Industrial,Dirección de Investigación y Posgrado,Masculino,Querétaro
Fresneda Camacho Edel José,Tecnológico Nacional de México (DGEST),Instituto Tecnológico de Cancún,Masculino,Quintana Roo
Fuentes Miranda Carlos Jorge,Universidad Autónoma de Guerrero,Escuela de Ciencias Químicas y Biológicas,Masculino,Guerrero
Fuerte Celis Maria Del Pilar,"Centro de Investigación en Geografía y Geomática Ing. Jorge L. Tamayo, A.C.","Centro de Investigación en Geografía y Geomática Ing. Jorge L. Tamayo, A.C.",Femenino,Aguascalientes
Galindo González María Del Rosario,Universidad de Guanajuato,Campus León,Femenino,Guanajuato
Gallegos Ruiz Homero Renato,Universidad Autónoma de Zacatecas,Unidad Académica de Matemáticas,Masculino,Zacatecas
Gálvez Hernández Carmen Lizette,Instituto Nacional de Cancerología,Instituto Nacional de Cancerología,Femenino,Distrito Federal
Gamboa Martinez Gabriel Ulises,Universidad Autónoma de San Luis Potosí,Facultad de Ciencias Químicas,Masculino,San Luis Potosí
Garcia Arellano Anmi,El Colegio de la Frontera Sur,Unidad Chetumal,Masculino,Quintana Roo
García Aspeitia Miguel Ángel,Universidad Autónoma de Zacatecas,Unidad Académica de Física,Masculino,Zacatecas
Garcia Becerra Flor Yunuen,Universidad Autónoma Metropolitana,Unidad Cuajimalpa,Femenino,Distrito Federal
García Castañeda María Concepción,Universidad de Guanajuato,Campus Guanajuato,Femenino,Guanajuato
Garcia Castro Neftali,Universidad Autónoma de Guerrero,Unidad de Ciencias de Desarrollo Regional,Masculino,Guerrero
García Chávez Ricardo,Instituto Mexicano del Petróleo,"Dirección Regional Sur ( Villahermosa, Tab. )",Masculino,Tabasco
Garcia Colin Natalia,Fondo de Información y Documentación para la Industria,Fondo de Información y Documentación para la Industria,Femenino,Aguascalientes
García Cornejo Parménides,Universidad Nacional Autónoma de México,Instituto de Matemáticas,Masculino,Oaxaca
Garcia Galván Rodolfo,Universidad Autónoma de Baja California,Coordinación de Posgrado e Investigación,Masculino,Baja California
García García Maritza Roxana,Universidad Nacional Autónoma de México,Centro de Nanociencias y Nanotecnología,Femenino,Baja California
Garcia Hernandez Nadia Vanessa,Centro de Investigación y de Estudios Avanzados del IPN,Unidad Saltillo,Femenino,Coahuila
García López Edgar,Universidad Del Papaloapan,Campus Tuxtepec,Masculino,Oaxaca
García Maldonado José Quinatzin,Centro de Investigación y de Estudios Avanzados del IPN,Unidad Mérida,Masculino,Yucatán
Garcia Morales Ricardo,"Centro de Investigaciones Biológicas del Noroeste, S.C.",Unidad Nayarit,Masculino,Nayarit
García Ortíz César Eduardo,"Centro de Investigación Científica y de Educación Superior de Ensenada, B.C.","Centro de Investigación Científica y de Educación Superior de Ensenada, B.C.",Masculino,Baja California
García Regalado Alejandro,Universidad Autónoma de San Luis Potosí,Coordinación para la Innovación y Aplicación de la Ciencia,Masculino,San Luis Potosí
Garcia Rivera Enoc Alejandro,Universidad Autónoma de Tamaulipas,Unidad Académica Multidisciplinaria Reynosa-Rodhe,Masculino,Tamaulipas
Garcia Uriostegui Lorena,Universidad de Guadalajara,Centro Universitario de Ciencias Exactas e Ingenierías,Femenino,Jalisco
García Viveros Héctor,Universidad Nacional Autónoma de México,Instituto de Energías Renovables,Masculino,Morelos
Garduño Vértiz Salvador Ivan,Centro de Investigación y de Estudios Avanzados del IPN,Dirección General,Masculino,Distrito Federal
Garduño Wilches Ismael Arturo,Tecnológico Nacional de México (DGEST),Instituto Tecnológico de Chihuahua,Masculino,Chihuahua
Garibay Cerdenares Olga Lilia,Universidad Autónoma de Guerrero,Escuela de Ciencias Químicas y Biológicas,Femenino,Guerrero
Garrido De Sierra Sebastián,"Centro de Investigación y Docencia Económicas, A.C.",Secretaría Académica,Masculino,Distrito Federal
Garruña Hernández René,Tecnológico Nacional de México (DGEST),Instituto Tecnológico Agropecuario No. 2 Conkal Yucatán,Masculino,Yucatán
Garza Lagler Maria Cristina,Universidad Nacional Autónoma de México,Facultad de Ciencias,Femenino,Yucatán
Garza Villarreal Eduardo Adrian,Instituto Nacional de Psiquiatría Ramón de la Fuente Muñiz,Instituto Nacional de Psiquiatría Ramón de la Fuente Muñiz,Masculino,Distrito Federal
Gastélum Acuña Sandra Luz,Universidad de Sonora,Dirección de Investigación y Posgrado,Femenino,Sonora
Gastelum Chavira Diego Alonso,Universidad de Occidente,Unidad Culiacán,Masculino,Sinaloa
Gil Chavarria Margarita Ivet,Universidad Nacional Autónoma de México,Facultad de Medicina,Femenino,Distrito Federal
Giraldo Palacio Omar Felipe,El Colegio de la Frontera Sur,Unidad Tapachula,Masculino,Chiapas
Gomez Aguilar Jose Francisco,Tecnológico Nacional de México (DGEST),Centro Nacional de Investigación y Desarrollo Tecnológico,Masculino,Morelos
Gómez Aguirre Yenny Adriana,Universidad Autónoma de Aguascalientes,Centro de Ciencias Básicas,Femenino,Aguascalientes
Gómez Arias Efrain,"Centro de Investigación Científica y de Educación Superior de Ensenada, B.C.","Centro de Investigación Científica y de Educación Superior de Ensenada, B.C.",Masculino,Baja California
Gómez Bonilla Adriana Petrovna,"El Colegio de Michoacán, A.C.",Centro de Estudios Antropológicos,Femenino,Michoacán
Gómez De Jesús Adrián,Universidad Autónoma de Chiapas,Universidad Autónoma de Chiapas,Masculino,Chiapas
Gómez Hernández Marko Aurelio,Instituto Politécnico Nacional,Centro Interdisciplinario de Inv. para el Desarrollo..Ciidir,Masculino,Oaxaca
Gomez Ruiz Arturo Ivan,Instituto Nacional de Astrofísica Óptica y Electrónica,Área de Electrónica,Masculino,Puebla
Gómez San Luis Anel Hortensia,Universidad Autónoma de Tamaulipas,Unidad Académica Multidisciplinaria Reynosa-Rodhe,Femenino,Tamaulipas
González Albarrán Marco Aurelio,Universidad de Guadalajara,Centro Universitario de Ciencias Exactas e Ingenierías,Masculino,Jalisco
González Bernal Edna Leticia,Instituto Politécnico Nacional,Centro Interdisciplinario de Inv. para el Desarrollo..Ciidir,Femenino,Oaxaca
González Calderón José Alfredo,Centro de Ingeniería y Desarrollo Industrial,Posgrado Interinstitucional en Ciencia y Tecnología,Masculino,Campeche
González Contreras Gabriel,Universidad Autónoma de San Luis Potosí,Coordinación para la Innovación y Aplicación de la Ciencia,Masculino,San Luis Potosí
González Díaz Maria Ortencia,"Centro de Investigación Científica de Yucatán, A.C.",Unidad de Ciencias del Agua,Femenino,Yucatán
González Gallegos Jesús Guadalupe,Instituto Politécnico Nacional,Centro Interdisciplinario de Inv. para el Desarrollo..Ciidir,Masculino,Durango
Gonzalez Garcia Luis Miguel,Tecnológico Nacional de México (DGEST),Instituto Tecnológico de Durango,Masculino,Durango
González García Mario Arturo,Universidad Autónoma de San Luis Potosí,Coordinación para la Innovación y Aplicación de la Ciencia,Masculino,San Luis Potosí
González García Pedro,Centro de Ingeniería y Desarrollo Industrial,Dirección de Investigación y Posgrado,Masculino,Querétaro
González Gómez Rebeca,El Colegio de la Frontera Sur,Unidad Tapachula,Femenino,Chiapas
González Juárez Daphne Edith,"Instituto Potosino de Investigación Cientifica y Tecnológica, A.C.",DEPTO. de BIOLOGIA MOLECULAR,Femenino,San Luis Potosí
González López Marco Antonio,Universidad Autónoma Metropolitana,Unidad Xochimilco,Masculino,Distrito Federal
González Méndez Luis Xavier,Universidad Nacional Autónoma de México,Instituto de Geofísica,Masculino,Michoacán
González Montiel Marlene,Instituto Politécnico Nacional,Centro de Investigación en Ciencia Aplicada y Tecnología Avanzada del IPN,Femenino,Distrito Federal
González Morales Alma Xochitl,Universidad de Guanajuato,Campus León,Femenino,Guanajuato
González Morales Susana,Universidad Autónoma Agraria Antonio Narro,Subdirección de Asuntos de Postgrado,Femenino,Coahuila
González Ramirez Laura,Universidad Michoacana de San Nicolás de Hidalgo,Instituto de Física y Matemática,Femenino,Michoacán
González Sánchez David,Universidad de Sonora,Dirección de Investigación y Posgrado,Masculino,Sonora
González Tokman Daniel Matias,"Instituto de Ecología, A.C.",Área de Vegetación y Flora,Masculino,Veracruz
González Zaragoza Clementina,Universidad Michoacana de San Nicolás de Hidalgo,Instituto de Investigaciones Sobre los Recursos Naturales,Femenino,Michoacán
Graff Guerrero Mario,Fondo de Información y Documentación para la Industria,Fondo de Información y Documentación para la Industria,Masculino,Aguascalientes
Granados Echegoyen Carlos,Universidad Autónoma de Campeche,Centro de Estudios de Desarrollo Sustentable y de Aprovechamiento,Masculino,Campeche
Grijalva Castillo María Cristina,"Centro de Investigación en Materiales Avanzados, S.C.",Depto. de Energías Renovables y Protección del Medio Ambiente,Femenino,Chihuahua
Grijalva Eternod Aurea Esther,Universidad de Guadalajara,Centro Universitario de Ciencias Económico Administrativas,Femenino,Jalisco
Guadarrama Bustos Lili,"Centro de Investigación en Matemáticas, A.C.",CIMAT Aguascalientes,Femenino,Aguascalientes
Guardiola Avila Iliana Berenice,Instituto Politécnico Nacional,Centro de Biotecnología Genómica,Femenino,Tamaulipas
Guarneros Aguilar Cesia,Instituto Politécnico Nacional,Centro de Investigación en Ciencia Aplicada y Tecnología Avanzada del IPN,Femenino,Tamaulipas
Guerra Blanco Edgar Everardo,"Centro de Investigación y Docencia Económicas, A.C.",Secretaría Académica,Masculino,Aguascalientes
Guerrero García Guillermo Ivan,Universidad Autónoma de San Luis Potosí,Coordinación para la Innovación y Aplicación de la Ciencia,Masculino,San Luis Potosí
Guerrero Sánchez Carlos Antioco,Centro de Investigación y de Estudios Avanzados del IPN,Unidad Mérida,Masculino,Yucatán
Guevara García Alfredo Augusto,Universidad Autónoma Metropolitana,Unidad Xochimilco,Masculino,Distrito Federal
Guillén Rodríguez Susana,Universidad Autónoma de Tlaxcala,Centro de Investigación en Ciencias Biológicas,Femenino,Tlaxcala
Guiza Valverde Frida Nadiezda,Universidad Nacional Autónoma de México,Centro de Investigaciones en Geografía Ambiental,Femenino,Michoacán
Gutiérrez Cabrera Ana Erika,Instituto Nacional de Salud Pública,Centro de Investigaciones Sobre Enfermedades Infecciosas,Femenino,Morelos
Gutiérrez Castañeda Emmanuel José,Universidad Autónoma de San Luis Potosí,Coordinación para la Innovación y Aplicación de la Ciencia,Masculino,San Luis Potosí
Gutiérrez Hoya Adriana,Universidad Nacional Autónoma de México,Facultad de Estudios Superiores Zaragoza,Femenino,Distrito Federal
Gutiérrez Jurado Hugo Alberto,Universidad Nacional Autónoma de México,Instituto de Ingeniería,Masculino,Yucatán
Gutiérrez Velasco Mario Ibrahín,Instituto Nacional de Rehabilitación,Instituto Nacional de Rehabilitación,Masculino,Distrito Federal
Guzmán Flores Isidro,Tecnológico Nacional de México (DGEST),Instituto Tecnológico de Aguascalientes,Masculino,Aguascalientes
Guzman Gutiérrez Silvia Laura,Universidad Nacional Autónoma de México,Instituto de Investigaciones Biomédicas,Femenino,Distrito Federal
Guzmán Olea Eduardo,Universidad Autónoma Del Estado de Hidalgo,Parque Científico y Tecnológico,Masculino,Hidalgo
Guzmán Ortiz Fabiola Araceli,Universidad Autónoma Del Estado de Hidalgo,Centro de Investigaciones Biológicas,Femenino,Hidalgo
Haro Alvarez Ana Paulina,Universidad Autónoma de Yucatán,Centro de Investigaciones Regionales Dr. Hideyo Noguchi,Femenino,Yucatán
Heredia De La Cruz Iván,Centro de Investigación y de Estudios Avanzados del IPN,Dirección General,Masculino,Distrito Federal
Heredia Nava Darwin,Universidad de Guadalajara,Centro Universitario de Los Altos,Masculino,Jalisco
Hernández Baltazar Daniel,Universidad Veracruzana,Instituto de Investigaciones Historico-Sociales,Masculino,Veracruz
Hernández Bocanegra Constantin Alberto,Tecnológico Nacional de México (DGEST),Instituto Tecnológico de Morelia,Masculino,Michoacán
Hernández Castillo Carlos Roberto,Universidad Veracruzana,Instituto de Investigaciones Historico-Sociales,Masculino,Veracruz
Hernández Castillo José Jaime,"Centro de Investigación en Matemáticas, A.C.",CIMAT Monterrey,Masculino,Nuevo León
Hernández Diego Celia,Tecnológico Nacional de México (DGEST),Instituto Tecnológico de Cancún,Femenino,Quintana Roo
Hernández Domínguez Eric,"Instituto de Ecología, A.C.","Instituto de Ecología, A.C.",Masculino,Veracruz
Hernández Eligio José Alberto,Universidad Nacional Autónoma de México,Instituto de Biotecnología,Masculino,Morelos
Hernández Flores Jose Alvaro,"El Colegio de México, A.C.",Centro de Estudios Demográficos y de Desarrollo Urbano,Masculino,Distrito Federal
Hernández Gámez José Francisco,Centro de Investigación en Química Aplicada,Depto. de Procesos de Polimerización,Masculino,Coahuila
Hernández García José Luis,Tecnológico Nacional de México (DGEST),Instituto Tecnológico de Nuevo León,Masculino,Nuevo León
Hernández García Juan Carlos,Universidad de Guanajuato,Campus León,Masculino,Guanajuato
Hernández Gordillo Agileo,Universidad Nacional Autónoma de México,Instituto de Investigaciones en Materiales,Masculino,Distrito Federal
Hernández Gracidas Carlos Arturo,Tecnológico Nacional de México (DGEST),Instituto Tecnológico de Cd. Victoria,Masculino,Tamaulipas
Hernández Guzmán Rafael,Universidad Michoacana de San Nicolás de Hidalgo,Instituto de Investigaciones Sobre los Recursos Naturales,Masculino,Michoacán
Hernández Hernández Ernesto,Centro de Investigación en Química Aplicada,Depto. de Materiales Avanzados,Masculino,Coahuila
Hernández Hernández Olivia Tania,Instituto Nacional de Psiquiatría Ramón de la Fuente Muñiz,Instituto Nacional de Psiquiatría Ramón de la Fuente Muñiz,Femenino,Distrito Federal
Hernandez Lopez Ana Gabriela,"El Colegio de la Frontera Norte, A.C.",Dirección General Académica,Femenino,Baja California
Hernández López Francisco Javier,"Centro de Investigación en Matemáticas, A.C.",CIMAT Mérida,Masculino,Yucatán
Hernández Martínez Ricardo,Instituto Tecnológico Superior de Tierra Blanca,Instituto Tecnológico Superior de Tierra Blanca,Masculino,Veracruz
Hernández Mendoza Christian Eduardo,Universidad Autónoma de Querétaro,Facultad de Ingeniería,Masculino,Querétaro
Hernández Nuñez Emanuel,Centro de Investigación y de Estudios Avanzados del IPN,Unidad Mérida,Masculino,Yucatán
Hernández Oñate Miguel Angel,"Centro de Investigación en Alimentación y Desarrollo, A.C.",Dirección de Tecnología de Alimentos de Origen Animal,Masculino,Sonora
Hernández Rivera Jose Luis,Universidad Autónoma de San Luis Potosí,Coordinación para la Innovación y Aplicación de la Ciencia,Masculino,San Luis Potosí
Hernández Robles Ivan Abel,"CIATEQ, A.C. Centro de Tecnología Avanzada (CIATEQ)","CIATEQ, A.C. Centro de Tecnología Avanzada (CIATEQ)",Masculino,San Luis Potosí
Hernández Romano Iván,Universidad de Guanajuato,Campus Guanajuato,Masculino,Guanajuato
Hernández Rosales Maribel,Universidad Nacional Autónoma de México,Instituto de Matemáticas,Femenino,Querétaro
Hernández Utrera Oscar,Universidad Nacional Autónoma de México,Centro de Nanociencias y Nanotecnología,Masculino,Baja California
Hernández Wong Joel,Instituto Politécnico Nacional,Centro de Investigación en Ciencia Aplicada y Tecnología Avanzada del IPN,Masculino,Distrito Federal
Herrera Cruz Mariana,Universidad Autónoma Benito Juarez de Oaxaca,Facultad de Medicina y Cirugía,Femenino,Oaxaca
Herrera Hernández Erik César,Centro de Ingeniería y Desarrollo Industrial,Posgrado Interinstitucional en Ciencia y Tecnología,Masculino,Campeche
Herrera Pérez Guillermo Manuel,"Centro de Investigación en Materiales Avanzados, S.C.",Depto. de Energías Renovables y Protección del Medio Ambiente,Masculino,Chihuahua
Herrera Ramírez Carlos Alonso,Tecnológico Nacional de México (DGEST),Instituto Tecnológico de Celaya,Masculino,Guanajuato
Hinojosa Arango Gustavo,Instituto Politécnico Nacional,Centro Interdisciplinario de Inv. para el Desarrollo..Ciidir,Masculino,Oaxaca
Holguin Cardona Sergio,Universidad Nacional Autónoma de México,Instituto de Matemáticas,Masculino,Oaxaca
Huerta Chávez Oliver Marcel,Tecnológico Nacional de México (DGEST),Tecnológico de Estudios Superiores de Ecatepec,Masculino,México
Huerta Heredia Ariana Arlene,Universidad Del Papaloapan,Campus Tuxtepec,Femenino,Oaxaca
Huerta Ocampo José Ángel,"Centro de Investigación en Alimentación y Desarrollo, A.C.",Dirección de Tecnología de Alimentos de Origen Animal,Masculino,Sonora
Huesca Pérez Eduardo,"Centro de Investigación Científica y de Educación Superior de Ensenada, B.C.",Dirección de Estudios de Posgrado,Masculino,Baja California Sur
Ibarra Juárez Luis Arturo,"Instituto de Ecología, A.C.",Área de Vegetación y Flora,Masculino,Veracruz
Ibarra Rodríguez Juan Ramón,"Centro de Investigación en Alimentación y Desarrollo, A.C.",Dirección de Tecnología de Alimentos de Origen Animal,Masculino,Sinaloa
Illescas Martínez Francisco Javier,Tecnológico Nacional de México (DGEST),Instituto Tecnológico de Toluca,Masculino,México
Iñiguez González Gerardo,"Centro de Investigación y Docencia Económicas, A.C.",Secretaría Académica,Masculino,Aguascalientes
Islas Villanueva Valentina,Universidad Del Mar,Universidad Del Mar,Femenino,Oaxaca
Jacobo Suarez Monica,"Centro de Investigación y Docencia Económicas, A.C.",Secretaría Académica,Femenino,Distrito Federal
Jaime Rivera Mario,"Centro de Investigaciones Biológicas del Noroeste, S.C.",Programa de Acuicultura y Biotecnología Marina,Masculino,Baja California Sur
Jaramillo Lopez Pablo,Universidad Nacional Autónoma de México,Centro de Investigaciones en Ecosistemas,Masculino,Michoacán
Jiménez Bandala Carlos Alberto,Universidad Del Papaloapan,Campus Tuxtepec,Masculino,Oaxaca
Jiménez Gutiérrez Laura Rebeca,Universidad Autónoma de Sinaloa,Escuela de Ciencias Del Mar,Femenino,Sinaloa
Jiménez Mancilla Nallely Patricia,Instituto Nacional de Investigaciones Nucleares,Gerencia de Aplicaciones Nucleares en la Salud,Femenino,México
Juárez De La Rosa Berenice Alejandra,Universidad de Guadalajara,Centro Universitario de Ciencias Exactas e Ingenierías,Femenino,Jalisco
Juárez Moreno Karla Oyuky,Universidad Nacional Autónoma de México,Centro de Nanociencias y Nanotecnología,Femenino,Baja California
Juarez Rendon Karina Janett,Instituto Politécnico Nacional,Centro de Biotecnología Genómica,Femenino,Tamaulipas
Juarez Salazar Rigoberto,Instituto Politécnico Nacional,Centro de Investigación y Desarrollo de Tecnología Digital,Masculino,Baja California
Kurczyn Robledo Jorge Alejandro,Universidad Autónoma de Campeche,Centro de Estudios de Desarrollo Sustentable y de Aprovechamiento,Masculino,Campeche
Laguna Aguilar Maricela,Instituto Nacional de Salud Pública,Instituto Nacional de Salud Pública,Femenino,Chiapas
Lagunas Rivera Selene,Tecnológico Nacional de México (DGEST),Instituto Tecnológico de Tuxtla Gutiérrez,Femenino,Chiapas
Landero Valenzuela Nadia,Universidad Politécnica Francisco I Madero,Universidad Politécnica Francisco I Madero,Femenino,Hidalgo
Langarica Córdoba Diego,"Instituto Potosino de Investigación Cientifica y Tecnológica, A.C.",Depto. de Biología Molecular,Masculino,San Luis Potosí
Lara Alvarez Carlos Alberto,"Centro de Investigación en Matemáticas, A.C.",CIMAT Zacatecas,Masculino,Zacatecas
Lara Viveros Francisco Marcelo,Universidad Politécnica Francisco I Madero,Universidad Politécnica Francisco I Madero,Masculino,Hidalgo
Leal Enríquez Erik,Universidad Autónoma de Aguascalientes,Centro de Artes y Humanidades,Masculino,Aguascalientes
Lemus De La Mora Hugo,Centro de Investigación y Asistencia en Tecnología y Diseño del Edo. de Jalisco,División de Biotecnología,Masculino,Guerrero
León Cardenal Edwin,"Centro de Investigación en Matemáticas, A.C.",CIMAT Zacatecas,Masculino,Zacatecas
León Hernández Rodrigo César,Universidad Autónoma de Tamaulipas,Facultad de Enfermería,Masculino,Tamaulipas
León Maldonado Leith Soledad,Instituto Nacional de Cancerología,División de Investigación Clínica,Femenino,Distrito Federal
Ley Cervantes Melissa,"El Colegio de la Frontera Norte, A.C.",Dirección General Académica,Femenino,Baja California
Leyva Valencia Ignacio,Instituto Politécnico Nacional,Centro Interdisciplinario de Ciencias Marinas,Masculino,Baja California Sur
Licona Sánchez Teresa De Jesús,Universidad Autónoma Metropolitana,Unidad Xochimilco,Femenino,Distrito Federal
Liñan Rico Andromeda,Universidad de Colima,Facultad de Arquitectura,Femenino,Colima
Lira Noriega Andres,"Instituto de Ecología, A.C.",Área de Vegetación y Flora,Masculino,Veracruz
Lizardi Jiménez Manuel Alejandro,Instituto Tecnológico Superior de Tierra Blanca,Instituto Tecnológico Superior de Tierra Blanca,Masculino,Veracruz
Llera Herrera Raúl Antonio,"Centro de Investigación en Alimentación y Desarrollo, A.C.",Dirección de Tecnología de Alimentos de Origen Animal,Masculino,Sinaloa
Loera Alvarado Esperanza,Universidad Michoacana de San Nicolás de Hidalgo,Escuela de Ciencias Agropecuarias,Femenino,Michoacán
Loera Muro Abraham,"Centro de Investigaciones Biológicas del Noroeste, S.C.",Programa de Agricultura en Zonas Áridas,Masculino,Baja California Sur
Loera Palomo Rodrigo,Tecnológico Nacional de México (DGEST),Instituto Tecnológico de La Laguna,Masculino,Coahuila
Longinotti  Anna Lia,Instituto Nacional de Astrofísica Óptica y Electrónica,Área de Ciencias Computacionales,Femenino,Puebla
López Cámara Ramírez Diego,Universidad Nacional Autónoma de México,Instituto de Astronomía,Masculino,Distrito Federal
López Estopier Rosa Elvia,Universidad Autónoma de San Luis Potosí,Coordinación para la Innovación y Aplicación de la Ciencia,Femenino,San Luis Potosí
López González Alexander,Universidad Autónoma de Chiapas,Campus I Facultad de Ingeniería Civil,Masculino,Chiapas
Lopez Hernandez Yamile,Universidad Autónoma de Zacatecas,Área Académica de Ciencias de la Salud,Femenino,Zacatecas
Lopez Lopez Aline,Universidad Autónoma de Tlaxcala,Centro de Investigaciones en Genética y Ambiente,Femenino,Tlaxcala
López Lozano Nguyen Esmeralda,"Instituto Potosino de Investigación Cientifica y Tecnológica, A.C.",Depto. de Biología Molecular,Femenino,San Luis Potosí
López Martínez Jorge Omar,El Colegio de la Frontera Sur,Unidad Tapachula,Masculino,Chiapas
López Martínez Leticia Xochitl,"Centro de Investigación en Alimentación y Desarrollo, A.C.",Dirección General ,Femenino,Sinaloa
Lopez Monsalvo Cesar Simon,Universidad Autónoma Metropolitana,Unidad Azcapotzalco,Masculino,Distrito Federal
López Moreno Sinhue,Universidad Autónoma de Campeche,Centro de Estudios de Desarrollo Sustentable y de Aprovechamiento,Masculino,Campeche
Lopez Ortiz Anabel,Universidad Nacional Autónoma de México,Instituto de Energías Renovables,Femenino,Morelos
López Oyama Ana Bertha,Instituto Politécnico Nacional,Centro de Investigación en Ciencia Aplicada y Tecnología Avanzada del IPN,Femenino,Tamaulipas
López Rosas Itzel,Colegio de Postgraduados,Colegio de Postgraduados,Femenino,Campeche
López Sauceda Juan,Universidad Autónoma Metropolitana,Unidad Lerma,Masculino,México
López Villarreal Francisco,Instituto Mexicano del Petróleo,"Dirección Regional Sur ( Villahermosa, Tab. )",Masculino,Tabasco
Loreto Hernández Iván,Universidad Juárez Autónoma de Tabasco,Division Académica de Ciencias Biológicas,Masculino,Tabasco
Lozano Huerta César,Universidad Nacional Autónoma de México,Instituto de Matemáticas,Masculino,Oaxaca
Lugo González Esther,Universidad Tecnológica de la Mixteca,Division de Estudios de Posgrado,Femenino,Oaxaca
Lugo Radillo Agustin,Tecnológico Nacional de México (DGEST),Instituto Tecnológico de Tepic,Masculino,Nayarit
Luis Jimenez Daniel Porfirio,Centro de Ingeniería y Desarrollo Industrial,Posgrado Interinstitucional en Ciencia y Tecnología,Masculino,Campeche
Luna Blanco Mónica Adriana,Universidad de Ciencias y Artes de Chiapas,Centro de Estudios Superiores México-Centroamérica,Femenino,Chiapas
Luna Cruz Alfonso,Universidad Michoacana de San Nicolás de Hidalgo,Escuela de Ciencias Agropecuarias,Masculino,Michoacán
Luna Rodríguez Lorena,Universidad Autónoma de Chihuahua,Facultad de Ingeniería,Femenino,Chihuahua
Macias Corral Maritza Argelia,"Centro de Investigación en Materiales Avanzados, S.C.",Depto. de Energías Renovables y Protección del Medio Ambiente,Femenino,Durango
Magaldi Hermosillo Adolfo Vicente,Universidad Nacional Autónoma de México,Instituto de Matemáticas,Masculino,Querétaro
Maldonado Bonilla Luis David,Universidad Del Mar,Universidad Del Mar,Masculino,Oaxaca
Manzo Merino Joaquin,El Colegio Del Estado de Hidalgo,El Colegio Del Estado de Hidalgo,Femenino,Hidalgo
Manzo Merino Joaquin,Instituto Nacional de Cancerología,División de Investigación Clínica,Masculino,Distrito Federal
Marcial Quino Jaime,Instituto Nacional de Pediatría,Instituto Nacional de Pediatría,Masculino,Distrito Federal
Márquez Ramírez Víctor Hugo,Universidad de Guadalajara,Centro Universitario de la Costa,Masculino,Jalisco
Martín Del Campo Sánchez Abraham,"Centro de Investigación en Matemáticas, A.C.",CIMAT Guanajuato,Masculino,Guanajuato
Martínez Alcalá Claudia Isabel,Universidad Autónoma Del Estado de Hidalgo,Parque Científico y Tecnológico,Femenino,Hidalgo
Martínez Brown Juan Manuel,"Centro de Investigación en Alimentación y Desarrollo, A.C.",Dirección de Tecnología de Alimentos de Origen Animal,Masculino,Sinaloa
Martínez Delgado Gustavo,Instituto Nacional de Medicina Genómica,Instituto Nacional de Medicina Genómica,Masculino,Distrito Federal
Martínez Espinoza Manuel Ignacio,Universidad de Ciencias y Artes de Chiapas,Centro de Estudios Superiores México-Centroamérica,Masculino,Chiapas
Martínez Herrera Melchor,Universidad Autónoma Metropolitana,Unidad Cuajimalpa,Masculino,Distrito Federal
Martínez Miranda Juan Crisóforo,"Centro de Investigación Científica y de Educación Superior de Ensenada, B.C.","Centro de Investigación Científica y de Educación Superior de Ensenada, B.C.",Masculino,Nayarit
Martínez Natarén Daniela Alejandra,Centro de Investigación y de Estudios Avanzados del IPN,Unidad Mérida,Femenino,Yucatán
Martínez Rincon Raul Octavio,"Centro de Investigaciones Biológicas del Noroeste, S.C.",Programa de Acuicultura y Biotecnología Marina,Masculino,Baja California Sur
Martínez Roldán Alfredo De Jesús,Tecnológico Nacional de México (DGEST),Instituto Tecnológico de Durango,Masculino,Durango
Mastretta Yanes Alicia,Fideicomiso Fondo para la Biodiversidad,Comisión Nacional para el Conocimiento y Uso de la Biodiversidad,Femenino,Distrito Federal
Matus Ruiz Maximino,"El Colegio de la Frontera Norte, A.C.",Dirección General Académica,Masculino,Baja California
Mauricio Gutierrez Amparo,Benemérita Universidad Autónoma de Puebla,Instituto de Ciencias,Femenino,Puebla
May Crespo José Fernando,Centro de Ingeniería y Desarrollo Industrial,Dirección de Investigación y Posgrado,Masculino,Querétaro
Maycotte González Paola,Instituto Mexicano del Seguro Social (IMSS),Coordinación de Investigación en Salud,Femenino,Distrito Federal
Maza Villalobos Méndez Susana,"Instituto de Ecología, A.C.",Área de Vegetación y Flora,Femenino,Veracruz
Mecinas Montiel Juan Manuel,"Centro de Investigación y Docencia Económicas, A.C.",Depto. de Administración Pública,Masculino,Distrito Federal
Medellín Mayoral Gabriela,Universidad Nacional Autónoma de México,Instituto de Ingeniería,Femenino,Yucatán
Medina Cuéllar Sergio Ernesto,"Centro de Investigación en Geografía y Geomática Ing. Jorge L. Tamayo, A.C.","Centro de Investigación en Geografía y Geomática Ing. Jorge L. Tamayo, A.C.",Masculino,Aguascalientes
Medrano Buenrostro Anahely,Benemérita Universidad Autónoma de Puebla,Instituto en Ciencias de Gobierno y Desarrollo Estratégico,Femenino,Puebla
Medrano Félix José Andrés,"Centro de Investigación en Alimentación y Desarrollo, A.C.",Dirección General ,Masculino,Sinaloa
Mejia Ambriz Julio Cesar,Universidad Nacional Autónoma de México,Instituto de Geofísica,Masculino,Michoacán
Meléndez Ortiz Héctor Iván,Centro de Investigación en Química Aplicada,Dirección de Vinculación y Investigación,Masculino,Coahuila
Mena Espino Xenia,Universidad Autónoma Metropolitana,Division de Ciencias Biológicas y de la Salud. Iztapalapa,Femenino,Distrito Federal
Méndez Maldonado Gloria Arlette,Universidad Autónoma de San Luis Potosí,Facultad de Medicina,Femenino,San Luis Potosí
Mendoza Castillo Didilia Ileana,Tecnológico Nacional de México (DGEST),Instituto Tecnológico de Aguascalientes,Femenino,Aguascalientes
Mendoza Castro Anayatzin Sagrario,Colegio de Postgraduados,Campus Puebla,Femenino,Puebla
Mendoza González Gabriela,Universidad Nacional Autónoma de México,Facultad de Ciencias,Femenino,Yucatán
Meneses Álvarez María Eugenia,Colegio de Postgraduados en Ciencias Agrícolas,Campus Puebla,Femenino,Puebla
Meneses Rodríguez David,Centro de Investigación y de Estudios Avanzados del IPN,Unidad Mérida,Masculino,Yucatán
Mercadillo Caballero Roberto Emmanuele,Universidad Autónoma Metropolitana,Unidad Xochimilco,Masculino,Distrito Federal
Meza Rocha Abraham Nehemias,Benemérita Universidad Autónoma de Puebla,Facultad de Ciencias Físico-Matemáticas,Masculino,Puebla
Meza Sánchez Iliana Marlen,Tecnológico Nacional de México (DGEST),Instituto Tecnológico de Ensenada,Femenino,Baja California
Mier Y Terán Giménez Cacho Mateo,El Colegio de la Frontera Sur,Unidad Tapachula,Masculino,Chiapas
Millán Chiu Blanca Edith,Universidad Nacional Autónoma de México,Centro de Física Aplicada y Tecnología Avanzada,Femenino,Querétaro
Miranda Colorado Roger,Instituto Politécnico Nacional,Centro de Investigación y Desarrollo de Tecnología Digital,Masculino,Baja California
Miranda Jiménez Sabino,Fondo de Información y Documentación para la Industria,Fondo de Información y Documentación para la Industria,Masculino,Aguascalientes
Mixcoha Hernández Edgar,Instituto Nacional de Psiquiatría Ramón de la Fuente Muñiz,Instituto Nacional de Psiquiatría Ramón de la Fuente Muñiz,Masculino,Distrito Federal
Moctezuma Martiñón Rosario Esperanza,Universidad Autónoma de San Luis Potosí,Coordinación para la Innovación y Aplicación de la Ciencia,Femenino,San Luis Potosí
Moctezuma Ochoa Daniela Alejandra,"Centro de Investigación en Geografía y Geomática Ing. Jorge L. Tamayo, A.C.","Centro de Investigación en Geografía y Geomática Ing. Jorge L. Tamayo, A.C.",Femenino,Aguascalientes
Molero Castillo Guillermo Gilberto,Universidad Veracruzana,Instituto de Investigaciones Historico-Sociales,Masculino,Veracruz
Mondragón Lozano Rodrigo,Instituto Mexicano del Seguro Social (IMSS),Centro Médico Nacional Siglo XXI,Masculino,Distrito Federal
Mondragon Rodríguez Siddhartha,Universidad Nacional Autónoma de México,Instituto de Neurobiología,Masculino,Querétaro
Montalvo Urquizo Jonathan,"Centro de Investigación en Matemáticas, A.C.",CIMAT Monterrey,Masculino,Nuevo León
Montaña Barbano Alfredo Agustín,Instituto Nacional de Astrofísica Óptica y Electrónica,Área de Electrónica,Masculino,Puebla
Montenegro Monroy Héctor Miguel,Universidad Autónoma Del Estado de México,Facultad de Ingeniería,Masculino,México
Montiel González Zeuz,"Centro de Investigación en Materiales Avanzados, S.C.",Depto. de Metalurgia,Masculino,Nuevo León
Monzón Alvarado Claudia,El Colegio de la Frontera Sur,Unidad San Cristóbal de las Casas,Femenino,Chiapas
Morales Acosta Diana,Centro de Investigación en Química Aplicada,Depto. de Procesos de Transformación,Femenino,Coahuila
Morales Cruzado Beatriz,Universidad Autónoma de San Luis Potosí,Coordinación para la Innovación y Aplicación de la Ciencia,Femenino,San Luis Potosí
Morales Gámez Miguel,Universidad Autónoma de San Luis Potosí,Coordinación para la Innovación y Aplicación de la Ciencia,Masculino,San Luis Potosí
Morales Jiménez Jesús Israel,"Instituto Potosino de Investigación Cientifica y Tecnológica, A.C.",DEPTO. de BIOLOGIA MOLECULAR,Masculino,San Luis Potosí
Morales López Julio Ulises,Centro de Investigación y Estudios Superiores en Antropología Social,Unidad Occidente,Masculino,Jalisco
Morales Meléndez Quitzeh,Universidad Pedagógica Nacional,Unidad 201 Oaxaca,Masculino,Oaxaca
Morales Serna Francisco Neptali,"Centro de Investigación en Alimentación y Desarrollo, A.C.",Dirección de Tecnología de Alimentos de Origen Animal,Masculino,Sinaloa
Morales Trejo Fredy,Colegio de Postgraduados,Campus Veracruz,Masculino,Veracruz
Morán Escamilla Jorge Damián,"El Colegio de San Luis, A.C.","El Colegio de San Luis, A.C.",Masculino,San Luis Potosí
Moran Ramos Sofia,Instituto Nacional de Medicina Genómica,Instituto Nacional de Medicina Genómica,Femenino,Distrito Federal
Morelos Moreno Alvaro,Universidad Autónoma Agraria Antonio Narro,Subdirección de Asuntos de Postgrado,Masculino,Coahuila
Moreno Basaldúa Edwing Alberto,Universidad Autónoma de San Luis Potosí,Coordinación para la Innovación y Aplicación de la Ciencia,Masculino,San Luis Potosí
Moreno Galván Felipe De Jesús,Tecnológico Nacional de México (DGEST),Instituto Tecnológico de Cancún,Masculino,Quintana Roo
Moreno Medina Cuauhtémoc Ulises,Tecnológico Nacional de México (DGEST),Instituto Tecnológico de Durango,Masculino,Durango
Moreno Mendieta Silvia Andrea,Universidad Nacional Autónoma de México,Instituto de Investigaciones Biomédicas,Femenino,Distrito Federal
Mota González María De La Luz,Universidad Autónoma de Ciudad Juarez,Instituto de Ciencias Biomedicas,Femenino,Chihuahua
Mota Morales Josue David,Universidad Nacional Autónoma de México,Centro de Nanociencias y Nanotecnología,Masculino,Baja California
Muñiz Jauregui Jesús Arturo,Universidad Michoacana de San Nicolás de Hidalgo,Instituto de Investigaciones Metalúrgicas,Masculino,Michoacán
Muñiz Pérez Omar,"Centro de Investigación en Matemáticas, A.C.",CIMAT Mérida,Masculino,Yucatán
Muñiz Ramirez Alethia,"Instituto Potosino de Investigación Cientifica y Tecnológica, A.C.",DEPTO. de BIOLOGIA MOLECULAR,Femenino,San Luis Potosí
Muñiz Soria Jesus,Universidad Nacional Autónoma de México,Instituto de Energías Renovables,Masculino,Morelos
Muñoz Aréyzaga Eréndira,Universidad Autónoma Del Estado de México,Secretaría de Investigación y Estudios Avanzados,Femenino,México
Muñoz Hernandez Linda Liliana,Instituto Nacional de Ciencias Medicas y Nutrición Salvador Zubirán,Instituto Nacional de Ciencias Medicas y Nutrición Salvador Zubirán,Femenino,Distrito Federal
Muñoz Huerta Rafael Francisco,"Centro de Investigaciones en Óptica, A.C.",Unidad Aguascalientes,Masculino,Aguascalientes
Muñoz Navia Milton De Jesus,Universidad Autónoma de San Luis Potosí,Instituto de Física,Masculino,San Luis Potosí
Murillo Tovar Mario Alfonso,Universidad Autónoma Del Estado de Morelos,Centro de Investigaciones Químicas,Masculino,Morelos
Nanco Hernández Porfirio,Universidad Autónoma de Yucatán,Dirección General de Asuntos Académicos,Masculino,Yucatán
Natera Marín José Miguel,Universidad Autónoma Metropolitana,Unidad Xochimilco,Masculino,Distrito Federal
Nava Castro Karen Elizabeth,Instituto Nacional de Enfermedades Respiratorias,Instituto Nacional de Enfermedades Respiratorias,Femenino,Distrito Federal
Navarrete Ramírez Pamela,Universidad Michoacana de San Nicolás de Hidalgo,Instituto de Investigaciones Agropecuarias y Forestales,Femenino,Michoacán
Navarro Cendejas José,"Centro de Investigación y Docencia Económicas, A.C.",Secretaría Académica,Masculino,Distrito Federal
Navarro Navarro Luis Alan,El Colegio de Sonora,Coordinación General Académica,Masculino,Sonora
Navarro Noya Yendi Ebenezer,Universidad Autónoma de Tlaxcala,Centro de Investigación en Ciencias Biológicas,Femenino,Tlaxcala
Navarro Santos Pedro,Universidad Michoacana de San Nicolás de Hidalgo,Instituto de Investigaciones Quimico Biológicas,Masculino,Michoacán
Navarro Smith Alejandra,Centro de Investigación y Estudios Superiores en Antropología Social,Unidad Occidente,Femenino,Jalisco
Negrete Aranda Raquel,"Centro de Investigación Científica y de Educación Superior de Ensenada, B.C.","Centro de Investigación Científica y de Educación Superior de Ensenada, B.C.",Femenino,Baja California
Nepomuceno Mejía Tomás,Instituto Nacional de Salud Pública,Instituto Nacional de Salud Pública,Masculino,Chiapas
Newell  Gillian Elisabeth,Universidad de Ciencias y Artes de Chiapas,Rectoría,Femenino,Chiapas
Nic Can Geovanny Iran,Universidad Autónoma de Yucatán,Facultad de Ingeniería Química,Masculino,Yucatán
Nuñez De Caceres Gonzalez Francisco Federico,Universidad Autónoma Del Estado de Hidalgo,Centro de Investigaciones Biológicas,Masculino,Hidalgo
Núñez Núñez Marcos,Universidad Del Papaloapan,Campus Tuxtepec,Masculino,Oaxaca
Núñez Vázquez Carolina,Universidad Nacional Autónoma de México,Facultad de Medicina,Femenino,Distrito Federal
Ochoa Ruiz Gilberto,Instituto Mexicano del Petróleo,"Delegación Regional Norte ( Poza Rica, Ver. )",Masculino,Veracruz
Ojeda Casillas Elena,Universidad Nacional Autónoma de México,Instituto de Ingeniería,Femenino,Yucatán
Ontiveros Capurata Ronald Ernesto,Instituto Mexicano de Tecnología Del Agua,Coordinación de Hidrología,Masculino,Morelos
Orihuela Jurado Isela Esmeralda,Instituto de Investigaciones Dr. José María Luis Mora,Instituto de Investigaciones Dr. José María Luis Mora,Femenino,Distrito Federal
Ornelas García Claudia Patricia,Universidad Autónoma de Querétaro,Facultad de Ciencias Naturales,Femenino,Querétaro
Oros Ruiz Socorro,Universidad Autónoma Metropolitana,División de Ciencias Básicas e Ingeniería. Iztapalapa,Femenino,Distrito Federal
Orozco Barrios Carlos Enrique,Instituto Mexicano del Seguro Social (IMSS),Centro Médico Nacional Siglo XXI,Masculino,Distrito Federal
Orozco Medina Ismael,"Centro de Investigación Científica de Yucatán, A.C.",Unidad de Ciencias del Agua,Masculino,Quintana Roo
Orrante Sakanassi Jorge Alberto,Tecnológico Nacional de México (DGEST),Instituto Tecnológico de Hermosillo,Masculino,Sonora
Ortiz Castro Randy,"Instituto de Ecología, A.C.",Área de Vegetación y Flora,Masculino,Veracruz
Ortiz Gómez María Guadalupe,El Colegio de la Frontera Sur,Unidad San Cristóbal de las Casas,Femenino,Chiapas
Ortiz Lara Noemí,Universidad Michoacana de San Nicolás de Hidalgo,Instituto de Investigaciones Metalúrgicas,Femenino,Michoacán
Osuna Galindo Velia Carolina,"Centro de Investigación en Materiales Avanzados, S.C.",Depto. de Metalurgia,Femenino,Chihuahua
Oti Floranes Hector,Universidad Nacional Autónoma de México,Centro de Radioastronomía y Astrofísica,Masculino,Michoacán
Pacheco Arjona José Ramón,Universidad Autónoma de Sinaloa,Escuela de Ciencias Del Mar,Masculino,Sinaloa
Padilla Chacon Daniel,Colegio de Postgraduados,Campus Montecillo,Masculino,México
Páez  David Alfonso,Universidad Autónoma de Aguascalientes,Centro de Artes y Humanidades,Masculino,Aguascalientes
Palacios Espinosa Juan Francisco,Universidad Autónoma Metropolitana,Unidad Xochimilco,Masculino,Distrito Federal
Paneque Gálvez Jaime,Universidad Nacional Autónoma de México,Centro de Investigaciones en Geografía Ambiental,Masculino,Michoacán
Paniagua Vega David,Universidad Autónoma de Nuevo León,Facultad de Ingeniería Mecánica y Eléctrica,Masculino,Nuevo León
Paredes Puerto Alvar,Centro de Investigación y Asistencia en Tecnología y Diseño del Edo. de Jalisco,Centro de Investigación y Asistencia en Tecnología y Diseño del Edo. de Jalisco,Masculino,Jalisco
Pascual Ramirez Fermin,Universidad Nacional Autónoma de México,Centro de Investigaciones en Ecosistemas,Masculino,Michoacán
Pasten Hidalgo Karina,Instituto Nacional de Pediatría,Instituto Nacional de Pediatría,Femenino,Distrito Federal
Pastor Palacios Guillermo,"Instituto Potosino de Investigación Cientifica y Tecnológica, A.C.",DEPTO. de BIOLOGIA MOLECULAR,Masculino,San Luis Potosí
Patiño Lopez Luis David,"Centro de Investigación Científica de Yucatán, A.C.",Unidad de Ciencias del Agua,Masculino,Yucatán
Pedroza Torres Abraham,Instituto Nacional de Cancerología,Instituto Nacional de Cancerología,Masculino,Distrito Federal
Peniche Cetzal Rubi Surema,Universidad Autónoma de Aguascalientes,Centro de Artes y Humanidades,Femenino,Aguascalientes
Peña Cruz Manuel Ignacio,"Centro de Investigaciones en Óptica, A.C.",Unidad Aguascalientes,Masculino,Aguascalientes
Peña Muñoz Jesus,"El Colegio de la Frontera Norte, A.C.",Dirección General Académica,Masculino,Baja California
Peña Ramirez Jonatan,"Centro de Investigación Científica y de Educación Superior de Ensenada, B.C.",Dirección de Estudios de Posgrado,Masculino,Baja California
Peña Rodríguez Alberto,"Centro de Investigaciones Biológicas del Noroeste, S.C.",Programa de Acuicultura y Biotecnología Marina,Masculino,Baja California Sur
Pérez Alcocer Ricardo Ramón,Instituto Politécnico Nacional,Centro de Investigación y Desarrollo de Tecnología Digital,Masculino,Baja California
Pérez Alvarez Marissa,Instituto Mexicano del Petróleo,Dirección de Investigación y Posgrado,Femenino,Hidalgo
Pérez Ceballos Rosela Yazmín,Universidad Nacional Autónoma de México,Instituto de Ciencias del Mar y Limnología,Femenino,Campeche
Pérez Cruz José Roberto,Universidad Michoacana de San Nicolás de Hidalgo,Escuela de Ingeniería Civil,Masculino,Michoacán
Pérez Espinosa Humberto,"Centro de Investigación Científica y de Educación Superior de Ensenada, B.C.","Centro de Investigación Científica y de Educación Superior de Ensenada, B.C.",Masculino,Nayarit
Pérez Gallardo Jorge Raúl,"Centro de Investigación en Matemáticas, A.C.",CIMAT Aguascalientes,Masculino,Aguascalientes
Pérez González Adriana,Universidad Autónoma Metropolitana,División de Ciencias Básicas e Ingeniería. Iztapalapa,Femenino,Distrito Federal
Pérez Herrera Aleyda,Instituto Politécnico Nacional,Centro Interdisciplinario de Inv. para el Desarrollo..Ciidir,Femenino,Oaxaca
Pérez López Israel Omar,Universidad Autónoma de Ciudad Juarez,Instituto de Ciencias Biomedicas,Masculino,Chihuahua
Perez Martinez Maria Guadalupe,Universidad Autónoma de Aguascalientes,Centro de Artes y Humanidades,Femenino,Aguascalientes
Pérez Ramírez Monica Yanelli,"Centro de Investigación Científica de Yucatán, A.C.",Unidad de Ciencias del Agua,Femenino,Quintana Roo
Pérez Rodríguez Fátima,"Instituto Potosino de Investigación Cientifica y Tecnológica, A.C.",DEPTO. de MATEMATICAS APLICADAS y Sistemas COMPUTACIONALES,Femenino,San Luis Potosí
Pérez Sánchez Ivonne Nalliely,Instituto Nacional de Enfermedades Respiratorias,Instituto Nacional de Enfermedades Respiratorias,Femenino,Distrito Federal
Pérez Torres Claudia Anahí,"Instituto de Ecología, A.C.",Área de Vegetación y Flora,Femenino,Veracruz
Perton  Mathieu,Universidad Nacional Autónoma de México,Instituto de Geofísica,Masculino,Michoacán
Pineda Arellano Calos Antonio,"Centro de Investigaciones en Óptica, A.C.",Unidad Aguascalientes,Masculino,Aguascalientes
Porras Aguilar Rosario Guadalupe,Instituto Nacional de Astrofísica Óptica y Electrónica,Área de Electrónica,Femenino,Puebla
Portales Martínez Benjamín,Instituto Mexicano del Petróleo,"Dirección Regional Sur ( Villahermosa, Tab. )",Masculino,Tabasco
Portillo Téllez María Del Carmen,Instituto Nacional de Enfermedades Respiratorias,Instituto Nacional de Enfermedades Respiratorias,Femenino,Distrito Federal
Quintero Hernandez Veronica,Benemérita Universidad Autónoma de Puebla,Instituto de Ciencias,Femenino,Puebla
Quiñones Muñoz Tannia Alexandra,Instituto Tecnológico Superior de Tierra Blanca,Instituto Tecnológico Superior de Tierra Blanca,Femenino,Veracruz
Quiroz Guzmán Eduardo,"Centro de Investigaciones Biológicas del Noroeste, S.C.",Programa de Acuicultura y Biotecnología Marina,Masculino,Baja California Sur
Ramírez García Telesforo,Universidad Nacional Autónoma de México,Centro Regional de Investigaciones Multidisciplinarias,Masculino,Morelos
Ramírez González Pedro Ezequiel,Universidad Autónoma de San Luis Potosí,Coordinación para la Innovación y Aplicación de la Ciencia,Masculino,San Luis Potosí
Ramírez Herrejón Juan Pablo,Universidad Autónoma de Querétaro,Facultad de Ciencias Naturales,Masculino,Querétaro
Ramírez López Dulce Karol,Universidad de Ciencias y Artes de Chiapas,Centro de Estudios Superiores México-Centroamérica,Femenino,Chiapas
Ramírez Mella Mónica,Colegio de Postgraduados,Campus Campeche,Femenino,Campeche
Ramírez Mendoza Abigail María Elena,Universidad Autónoma de Nuevo León,Facultad de Ingeniería Mecánica y Eléctrica,Femenino,Nuevo León
Ramírez Ponce Andrés,Universidad Nacional Autónoma de México,Instituto de Biología,Masculino,Tlaxcala
Ramírez Rivera Victor Manuel,"Centro de Investigación Científica de Yucatán, A.C.",Unidad de Ciencias del Agua,Masculino,Yucatán
Ramírez Ruano Mónica,Universidad Autónoma de Guerrero,Escuela de Ciencias Químicas y Biológicas,Femenino,Guerrero
Ramírez Salazar Eric Gustavo,Instituto Nacional de Medicina Genómica,Subdirección de Investigación Básica,Masculino,Distrito Federal
Ramírez Saldaña Maricela,Universidad de Sonora,Dirección de Investigación y Posgrado,Femenino,Sonora
Ramirez Suarez Angel,Secretaría de Economía,Centro Nacional de Metrología,Masculino,Querétaro
Ramos Delgado Norma Alicia De Jesús,Tecnológico Nacional de México (DGEST),Instituto Tecnológico de Nuevo León,Femenino,Nuevo León
Ramos González Rodolfo,Universidad Autónoma de Coahuila,Facultad de Ciencias Químicas-Unidad Saltillo,Masculino,Coahuila
Ramos Sánchez Guadalupe,Universidad Autónoma Metropolitana,Unidad Xochimilco,Masculino,Distrito Federal
Rangel Valdez Nelson,Tecnológico Nacional de México (DGEST),Instituto Tecnológico de Ciudad Madero,Masculino,Tamaulipas
Rao Wu Feng,Universidad Michoacana de San Nicolás de Hidalgo,Instituto de Investigaciones Metalúrgicas,Masculino,Michoacán
Rascón Estebané Caleb Antonio,Universidad Nacional Autónoma de México,Instituto de Investigaciones en Matemáticas Aplicadas..Iimas,Masculino,Distrito Federal
Rea Ángeles Patricia,Universidad Nacional Autónoma de México,Instituto de Investigaciones Sociales,Femenino,Distrito Federal
Rendón Romero Ivl Tonahtiuh,Benemérita Universidad Autónoma de Puebla,Instituto de Ciencias,Masculino,Puebla
Reta Castro Carolina,"CIATEQ, A.C. Centro de Tecnología Avanzada (CIATEQ)","CIATEQ, A.C. Centro de Tecnología Avanzada (CIATEQ)",Femenino,Hidalgo
Reyes Alvarado Ana Gisela,"Centro de Investigaciones Biológicas del Noroeste, S.C.",Programa de Acuicultura y Biotecnología Marina,Femenino,Baja California Sur
Reyes Domínguez Iván Alejandro,Universidad Autónoma de San Luis Potosí,Coordinación para la Innovación y Aplicación de la Ciencia,Masculino,San Luis Potosí
Reyes Huerta Hugo Eduardo,Universidad Autónoma de Aguascalientes,Centro de Artes y Humanidades,Masculino,Aguascalientes
Reyes Prieto Fabian,Instituto Nacional de Medicina Genómica,Instituto Nacional de Medicina Genómica,Masculino,Distrito Federal
Reyes Vidal Maria Yolanda,Centro de Investigación y Desarrollo Tecnológico en Electroquímica,Depto. de Electroquímica,Femenino,Querétaro
Reyes Villagrana Raúl Alberto,Universidad Autónoma de Chihuahua,Facultad de Ingeniería,Masculino,Chihuahua
Reynel Avila Hilda Elizabeth,Tecnológico Nacional de México (DGEST),Instituto Tecnológico de Aguascalientes,Femenino,Aguascalientes
Reynoso Cuevas Liliana,"Centro de Investigación en Materiales Avanzados, S.C.",Depto. de Energías Renovables y Protección del Medio Ambiente,Femenino,Durango
Riaño Umbarila Lidia,Universidad Nacional Autónoma de México,Instituto de Biotecnología,Femenino,Morelos
Rico Mancebo Del Castillo Yessica,"Instituto de Ecología, A.C.","Instituto de Ecología, A.C.",Femenino,Michoacán
Rieser  Antonio,"Centro de Investigación en Matemáticas, A.C.",CIMAT Guanajuato,Masculino,Guanajuato
Rios Silva Monica,Universidad de Colima,Facultad de Arquitectura,Femenino,Colima
Rivera Domínguez Jorge,Centro de Investigación y de Estudios Avanzados del IPN,Unidad Guadalajara,Masculino,Jalisco
Rivera Mancía Susana Yesenia,Instituto Nacional de Cardiología Dr. Ignacio Chávez,Instituto Nacional de Cardiología Dr. Ignacio Chávez,Femenino,Distrito Federal
Rivero Corona Michel Alejandro,Tecnológico Nacional de México (DGEST),Instituto Tecnológico de La Laguna,Masculino,Coahuila
Robledo Silvestre Carolina,Centro de Investigación y Estudios Superiores en Antropología Social,Unidad - D.F.,Femenino,Distrito Federal
Robles Agudo Minerva,Universidad Tecnológica de Querétaro,Universidad Tecnológica de Querétaro,Femenino,Querétaro
Rocha García Celia,Universidad Michoacana de San Nicolás de Hidalgo,Escuela de Ciencias Agropecuarias,Femenino,Michoacán
Rodas Junco Beatriz Adriana,Universidad Autónoma de Yucatán,Facultad de Ingeniería Química,Femenino,Yucatán
Rodríguez Cortés Luisa Fernanda,Instituto de Investigaciones Dr. José María Luis Mora,Instituto de Investigaciones Dr. José María Luis Mora,Femenino,Distrito Federal
Rodríguez Marin Maria Luisa,Universidad Autónoma Del Estado de Hidalgo,Centro de Investigaciones Biológicas,Femenino,Hidalgo
Rodríguez Muñoz Norma Alejandra,"Centro de Investigación en Materiales Avanzados, S.C.",Depto. de Energías Renovables y Protección del Medio Ambiente,Femenino,Durango
Rodríguez Negrete Edgar Antonio,Instituto Politécnico Nacional,Centro Interdisciplinario de Inv. para el Desarrollo..Ciidir,Masculino,Sinaloa
Rodríguez Ortiz Luis Roberto,Universidad Nacional Autónoma de México,Coordinación de la Investigación Científica,Masculino,Querétaro
Rodriguez Pagaza Yolanda,Universidad Autónoma Agraria Antonio Narro,Subdirección de Asuntos de Postgrado,Femenino,Coahuila
Rodríguez Pérez Quetzalcoatl,Universidad Nacional Autónoma de México,Centro de Geociencias,Masculino,Querétaro
Rodríguez Santiago Maria Amparo,Universidad Autónoma Del Carmen,Facultad de Ciencias Pesqueras,Femenino,Campeche
Rojas Cortés Angelica,Centro de Investigación y Estudios Superiores en Antropología Social,Unidad Pacífico Sur,Femenino,Oaxaca
Rojas Domínguez Alfonso,Tecnológico Nacional de México (DGEST),Instituto Tecnológico de León,Masculino,Guanajuato
Rojas Rajs María Soledad,Universidad Autónoma Metropolitana,Unidad Xochimilco,Femenino,Distrito Federal
Rojo Arreola Liliana,"Centro de Investigaciones Biológicas del Noroeste, S.C.",Programa de Acuicultura y Biotecnología Marina,Femenino,Baja California Sur
Roldán Cruz Edgar Iván,El Colegio Del Estado de Hidalgo,El Colegio Del Estado de Hidalgo,Masculino,Hidalgo
Román López Jesús,Universidad Nacional Autónoma de México,Instituto de Ciencias Nucleares,Masculino,Distrito Federal
Roman Padilla Lizbeth,"Centro de Investigación y Docencia Económicas, A.C.",Secretaría Académica,Femenino,Aguascalientes
Romero Estudillo Ivan Omar,Universidad Autónoma Del Estado de Morelos,Centro de Investigaciones Químicas,Masculino,Morelos
Romero Padilla Juan Manuel,"Centro de Investigación y Docencia Económicas, A.C.",Secretaría Académica,Masculino,Aguascalientes
Romero Tlalolini Maria De Los Angeles,Universidad Autónoma Benito Juarez de Oaxaca,Facultad de Medicina y Cirugía,Femenino,Oaxaca
Rös  Matthias,Instituto Politécnico Nacional,Centro Interdisciplinario de Inv. para el Desarrollo..Ciidir,Masculino,Oaxaca
Rosa  Carlo,Tecnológico Nacional de México (DGEST),Instituto Tecnológico Superior Cajeme,Masculino,Sonora
Rosales Lagarde Alejandra,Universidad Autónoma Del Estado de Hidalgo,Parque Científico y Tecnológico,Femenino,Hidalgo
Rosales Martínez Yetzi,"El Colegio de la Frontera Norte, A.C.",Dirección General Académica,Femenino,Baja California
Rosales Pérez Natalie,"El Colegio Mexiquense, A.C.","El Colegio Mexiquense, A.C.",Femenino,México
Rosas Madrigal Sandra,Instituto Nacional de Medicina Genómica,Instituto Nacional de Medicina Genómica,Femenino,Distrito Federal
Rubio Piña Jorge Alberto,Universidad Autónoma de Tlaxcala,Centro de Investigaciones en Genética y Ambiente,Masculino,Tlaxcala
Ruiz Esparza Garrido Ruth,Instituto Mexicano del Seguro Social (IMSS),Coordinación de Investigación en Salud,Femenino,Distrito Federal
Ruiz Gómez Miguel Angel,Centro de Investigación y de Estudios Avanzados del IPN,Unidad Mérida,Masculino,Yucatán
Ruiz Lau Nancy,Tecnológico Nacional de México (DGEST),Instituto Tecnológico de Tuxtla Gutiérrez,Femenino,Chiapas
Ruiz López Ubaldo,"Centro de Investigación Científica y de Educación Superior de Ensenada, B.C.","Centro de Investigación Científica y de Educación Superior de Ensenada, B.C.",Masculino,Baja California
Ruiz Luna Haideé,Universidad Autónoma de Zacatecas,Escuela de Ingeniería,Femenino,Zacatecas
Ruiz Mercado Ilse,Universidad Nacional Autónoma de México,Centro de Investigaciones en Ecosistemas,Femenino,Michoacán
Ruiz Pérez Víctor Iván,Tecnológico Nacional de México (DGEST),Instituto Tecnológico de Culiacán,Masculino,Sinaloa
Saavedra Sotelo Nancy Claudia,Universidad Autónoma de Sinaloa,Escuela de Ciencias Del Mar,Femenino,Sinaloa
Sadykov  Rustam,Centro de Investigación y de Estudios Avanzados del IPN,Dirección General,Masculino,Distrito Federal
Salas Muñoz Silvia,Instituto Nacional de Investigaciones Forestales y Agropecuarias,CIR del Norte-Centro (CHIH.),Femenino,Zacatecas
Salazar López Ricardo,Universidad Autónoma de Guerrero,Escuela Superior de Agricultura,Masculino,Guerrero
Salazar Torres Juan Alfonso,Tecnológico Nacional de México (DGEST),Instituto Tecnológico de Morelia,Masculino,Michoacán
Saldaña Fabregat José Ignacio,Instituto Nacional de Pediatría,Instituto Nacional de Pediatría,Masculino,Distrito Federal
Saldaña Garcés Rocio,"Corporación Mexicana de Investigación en Materiales, S.A. de C.V.",Dirección de Transferencia de Tecnología,Femenino,Coahuila
Saldivar Márquez Martha Belem,Universidad Autónoma Del Estado de México,Facultad de Ingeniería,Femenino,México
Salgado Cruz Ma. De La Paz,Instituto Politécnico Nacional,Escuela Nacional de Ciencias Biológicas,Femenino,Distrito Federal
Salgado Transito Ivan,"Centro de Investigaciones en Óptica, A.C.",Unidad Aguascalientes,Masculino,Aguascalientes
Sánchez Cárdenas Rebeca,Universidad Autónoma de Sinaloa,Escuela de Ciencias Del Mar,Femenino,Sinaloa
Sánchez Martínez Araceli,Universidad de Guadalajara,Centro Universitario de Ciencias Exactas e Ingenierías,Femenino,Jalisco
Sanchez Mondragon Joel,Instituto Mexicano del Petróleo,"Delegación Regional Norte ( Poza Rica, Ver. )",Masculino,Veracruz
Sánchez Morales Gabriela,Universidad Veracruzana,Instituto de Investigaciones Historico-Sociales,Femenino,Veracruz
Sanchez Ocampo Paul Mauricio,Universidad Del Papaloapan,Campus Tuxtepec,Masculino,Oaxaca
Sánchez Osorio Ever,Centro de Investigación y Asistencia en Tecnología y Diseño del Edo. de Jalisco,División de Biotecnología,Masculino,Guerrero
Sánchez Rangel Diana,"Instituto de Ecología, A.C.",Área de Vegetación y Flora,Femenino,Veracruz
Sánchez Vázquez Virginia Ivonne,Centro de Investigación y Estudios Superiores en Antropología Social,Unidad Sureste,Femenino,Chiapas
Sandoval Castro Eduardo,Instituto Politécnico Nacional,Centro Interdisciplinario de Inv. para el Desarrollo..Ciidir,Masculino,Sinaloa
Sanginés De Castro Roberto,Universidad Nacional Autónoma de México,Centro de Nanociencias y Nanotecnología,Masculino,Baja California
Sanhouse García Antonio Jesus,Tecnológico Nacional de México (DGEST),Instituto Tecnológico de Culiacán,Masculino,Sinaloa
Santiago Del Angel Elizabeth,Universidad Nacional Autónoma de México,Instituto de Matemáticas,Femenino,Querétaro
Santiago Ibáñez Daniela Patricia,Tecnológico Nacional de México (DGEST),Instituto Tecnológico de Oaxaca,Femenino,Oaxaca
Sarria Guzmán Yohanna Del Carmen,Universidad Del Mar,Universidad Del Mar,Femenino,Oaxaca
Saucedo Yáñez Alma Leticia,Universidad Autónoma de Nuevo León,Facultad de Ingeniería Mecánica y Eléctrica,Femenino,Nuevo León
Segovia González Carlos,Universidad Nacional Autónoma de México,Instituto de Matemáticas,Masculino,Oaxaca
Segura Chama Pedro David,Instituto Nacional de Psiquiatría Ramón de la Fuente Muñiz,Instituto Nacional de Psiquiatría Ramón de la Fuente Muñiz,Masculino,Distrito Federal
Sepúlveda Robles Omar Alejandro,Universidad Nacional Autónoma de México,Instituto de Investigaciones Biomédicas,Masculino,Distrito Federal
Serrano Posada Hugo Javier,Universidad de Colima,Coordinación de Investigación Científica,Masculino,Colima
Silva Miranda Mayra,Universidad Nacional Autónoma de México,Instituto de Investigaciones Biomédicas,Femenino,Distrito Federal
Simón Rodríguez Jorge,Universidad Autónoma de Zacatecas,Unidad Académica de Ingeniería Eléctrica,Masculino,Zacatecas
Sleman Valdés Fanny,Universidad Nacional Autónoma de México,Instituto de Investigaciones Sociales,Femenino,Distrito Federal
Solano Lamphar Héctor Antonio,Instituto de Investigaciones Dr. José María Luis Mora,Instituto de Investigaciones Dr. José María Luis Mora,Masculino,Distrito Federal
Solís Montero Lislie,El Colegio de la Frontera Sur,Unidad Tapachula,Femenino,Chiapas
Solórzano Mancera Pedro Antonio Ricardo Martín,Universidad Nacional Autónoma de México,Instituto de Matemáticas,Masculino,Oaxaca
Soria Arguello Gustavo,Centro de Investigación en Química Aplicada,Depto. de Procesos de Polimerización,Masculino,Coahuila
Soria Barreto Miriam,El Colegio de la Frontera Sur,Unidad San Cristóbal de las Casas,Femenino,Chiapas
Soriano Melgar Lluvia De Abril Alexandra,Centro de Investigación en Química Aplicada,Depto. de Plásticos en la Agricultura,Femenino,Coahuila
Sosa Herrera Jesus Antonio,"Centro de Investigación en Geografía y Geomática Ing. Jorge L. Tamayo, A.C.","Centro de Investigación en Geografía y Geomática Ing. Jorge L. Tamayo, A.C.",Masculino,Aguascalientes
Sosa Lopez Jose Roberto,Instituto Politécnico Nacional,Centro Interdisciplinario de Inv. para el Desarrollo..Ciidir,Masculino,Oaxaca
Sosa Montemayor Fernando,"Centro de Investigación en Materiales Avanzados, S.C.",Depto. de Energías Renovables y Protección del Medio Ambiente,Masculino,Durango
Soto Castro Delia,Instituto Politécnico Nacional,Centro Interdisciplinario de Inv. para el Desarrollo..Ciidir,Femenino,Oaxaca
Soto Castruita Enrique,Instituto Mexicano del Petróleo,Dirección de Investigación y Posgrado,Masculino,Hidalgo
St Thomas  Claude,Centro de Investigación en Química Aplicada,Depto. de Procesos de Polimerización,Masculino,Coahuila
Strupiechonski  Elodie,Centro de Investigación y de Estudios Avanzados del IPN,Unidad Querétaro,Femenino,Querétaro
Suarez Quezada Victor Manuel,Universidad Autónoma Metropolitana,División de Ciencias Básicas e Ingeniería. Iztapalapa,Masculino,Distrito Federal
Sun  Guohua,Instituto Politécnico Nacional,Centro de Investigación en Computacion,Femenino,Distrito Federal
Talledos Sánchez Edgar,"El Colegio de San Luis, A.C.","El Colegio de San Luis, A.C.",Masculino,San Luis Potosí
Tamayo Y Ortiz Marcela,Instituto Nacional de Salud Pública,Instituto Nacional de Salud Pública,Femenino,Morelos
Tapia Guerrero Luis Arturo,Centro Interdisciplinario de Inv. para el Desarrollo..Ciidir,,Masculino,Oaxaca
Tapia Padilla Gabriela,"Centro de Investigación en Materiales Avanzados, S.C.",Depto. de Energías Renovables y Protección del Medio Ambiente,Femenino,Chihuahua
Tellez Avila Eric Sadit,Fondo de Información y Documentación para la Industria,Fondo de Información y Documentación para la Industria,Masculino,Aguascalientes
Téllez Velázquez Arturo,Universidad Tecnológica de la Mixteca,Division de Estudios de Posgrado,Masculino,Oaxaca
Tello De La Torre Claudia,Instituto de Investigaciones Dr. José María Luis Mora,Instituto de Investigaciones Dr. José María Luis Mora,Femenino,Distrito Federal
Tiwari  Dhirendra Kumar,"El Colegio de Michoacán, A.C.",LADIPA,Masculino,Michoacán
Toledo Solano Miller,Benemérita Universidad Autónoma de Puebla,Facultad de Ciencias Físico-Matemáticas,Masculino,Puebla
Torres Arellano Mauricio,Centro de Ingeniería y Desarrollo Industrial,Dirección de Investigación y Posgrado,Masculino,Querétaro
Torres Irineo Edgar,Universidad Nacional Autónoma de México,Facultad de Ciencias,Masculino,Yucatán
Torres Machorro Ana Lilia,Instituto Nacional de Enfermedades Respiratorias,Dirección de Investigación,Femenino,Distrito Federal
Torres Ortiz Flor Lizeth,Universidad Nacional Autónoma de México,Instituto de Ingeniería,Femenino,Distrito Federal
Torres Poveda Kirvis Janneth,Instituto Nacional de Salud Pública,Instituto Nacional de Salud Pública,Femenino,Morelos
Torres Rivera Anayetzin,Universidad Autónoma Benito Juarez de Oaxaca,Facultad de Medicina y Cirugía,Femenino,Oaxaca
Tovar Pérez Erik  Gustavo,Tecnológico Nacional de México (DGEST),Instituto Tecnológico de Tepic,Masculino,Nayarit
Trejo Arroyo Danna Lizeth,Tecnológico Nacional de México (DGEST),Instituto Tecnológico de Chetumal,Femenino,Quintana Roo
Trejo Hernández Laura,Universidad Nacional Autónoma de México,Instituto de Biología,Femenino,Tlaxcala
Triana Sánchez Jorge Luis,Universidad Autónoma de Guerrero,Facultad de Ingeniería,Masculino,Guerrero
Troncoso Romero David Ernesto,Instituto Politécnico Nacional,Escuela Superior de Cómputo,Masculino,Distrito Federal
Tuxpan Vargas Jose,"Instituto Potosino de Investigación Cientifica y Tecnológica, A.C.",Depto. de Biología Molecular,Masculino,San Luis Potosí
Uh Zapata Miguel Angel,"Centro de Investigación en Matemáticas, A.C.",CIMAT Mérida,Masculino,Yucatán
Unger Saldaña Karla,Instituto Nacional de Cancerología,Instituto Nacional de Cancerología,Femenino,Distrito Federal
Valdez Mondragón Alejandro,Universidad Nacional Autónoma de México,Instituto de Biología,Masculino,Tlaxcala
Valdez Morales Eduardo Emmanuel,Universidad Autónoma de Aguascalientes,Centro de Ciencias Básicas,Masculino,Aguascalientes
Valdez Morales Maribel,Instituto Politécnico Nacional,Centro Interdisciplinario de Inv. para el Desarrollo..Ciidir,Femenino,Sinaloa
Valencia Vázquez Roberto,Tecnológico Nacional de México (DGEST),Instituto Tecnológico de Durango,Masculino,Durango
Valenzuela Muñiz Ana María,Tecnológico Nacional de México (DGEST),Instituto Tecnológico de Cancún,Femenino,Quintana Roo
Valenzuela Quiñonez Fausto,"Centro de Investigaciones Biológicas del Noroeste, S.C.",Programa de Acuicultura y Biotecnología Marina,Masculino,Baja California Sur
Valenzuela Soto José Humberto,Centro de Investigación en Química Aplicada,Depto. de Plásticos en la Agricultura,Masculino,Coahuila
Valle De Bethencourt Paula,Universidad Autónoma de Guerrero,Facultad de Ingeniería,Femenino,Guerrero
Vallejo Cardona Alba Adriana,Centro de Investigación y Asistencia en Tecnología y Diseño del Edo. de Jalisco,Centro de Investigación y Asistencia en Tecnología y Diseño del Edo. de Jalisco,Femenino,Jalisco
Vallejo Pérez Moisés Roberto,Universidad Autónoma de San Luis Potosí,Coordinación para la Innovación y Aplicación de la Ciencia,Masculino,San Luis Potosí
Vargas Bracamontes Dulce María,Universidad de Colima,Facultad de Arquitectura,Femenino,Colima
Vargas Hernandez Diana,Universidad de Sonora,Dirección de Investigación y Posgrado,Femenino,Sonora
Vargas Obieta Carlos,"Centro de Investigación en Matemáticas, A.C.",CIMAT Guanajuato,Masculino,Guanajuato
Vargas Rodríguez Yalma Luisa,Universidad de Guadalajara,Centro Universitario de la Costa Sur,Femenino,Jalisco
Vásquez Garzón Verónica Rocío,Universidad Autónoma Benito Juarez de Oaxaca,Facultad de Medicina y Cirugía,Femenino,Oaxaca
Vásquez Pérez José Manuel,Universidad Autónoma Del Estado de Hidalgo,Centro de Investigaciones Biológicas,Masculino,Hidalgo
Vázquez Elorza Ariel,Centro de Investigación y Asistencia en Tecnología y Diseño del Edo. de Jalisco,División de Biotecnología,Masculino,Guerrero
Vázquez Euán Roberto Carlos,Universidad de Sonora,Dirección de Investigación y Posgrado,Masculino,Sonora
Vázquez Gómez Octavio,Tecnológico Nacional de México (DGEST),Instituto Tecnológico de Morelia,Masculino,Michoacán
Vazquez Rosas Ricardo,Universidad Michoacana de San Nicolás de Hidalgo,Instituto de Investigaciones Metalúrgicas,Masculino,Michoacán
Vázquez Sánchez Monserrat,Instituto Politécnico Nacional,Centro Interdisciplinario de Inv. para el Desarrollo..Ciidir,Femenino,Michoacán
Vázquez Santacruz Eduardo,Universidad Nacional Autónoma de México,Facultad de Medicina,Masculino,Distrito Federal
Vega Diaz Sofia Magdalena,Tecnológico Nacional de México (DGEST),Instituto Tecnológico de Celaya,Femenino,Guanajuato
Velasco Alvarez Jonas,"Centro de Investigación en Matemáticas, A.C.",CIMAT Aguascalientes,Masculino,Aguascalientes
Velasco Alvarez Nancy,Centro de Investigación y Desarrollo Tecnológico en Electroquímica,Depto. de Electroquímica,Femenino,Querétaro
Velasco Estudillo Monica,"Centro de Investigación en Geografía y Geomática Ing. Jorge L. Tamayo, A.C.","Centro de Investigación en Geografía y Geomática Ing. Jorge L. Tamayo, A.C.",Femenino,Aguascalientes
Velazquez Zapata Juan Alberto,"El Colegio de San Luis, A.C.","El Colegio de San Luis, A.C.",Masculino,San Luis Potosí
Vélez Cordero Juan Rodrigo,Universidad Autónoma de San Luis Potosí,Coordinación para la Innovación y Aplicación de la Ciencia,Masculino,San Luis Potosí
Venegas Reyes Eduardo,"Centro de Investigación en Materiales Avanzados, S.C.",Depto. de Energías Renovables y Protección del Medio Ambiente,Masculino,Durango
Venegas Venegas José Apolonio,Universidad Autónoma de Chiapas,Universidad Autónoma de Chiapas,Masculino,Chiapas
Ventura Aguilar Rosa Isela,Instituto Politécnico Nacional,Centro de Desarrollo de Productos Bióticos,Femenino,Morelos
Vera Ku Blanca Marina,"Centro de Investigación Científica de Yucatán, A.C.",Dirección General,Femenino,Yucatán
Vera Reyes Ileana,Centro de Investigación en Química Aplicada,Depto. de Plásticos en la Agricultura,Femenino,Coahuila
Villafán Bernal José Rafael,Universidad Autónoma de Aguascalientes,Centro de Ciencias Básicas,Masculino,Aguascalientes
Villalobos Escobar Gina Paola,"Centro de Investigación Científica y de Educación Superior de Ensenada, B.C.","Centro de Investigación Científica y de Educación Superior de Ensenada, B.C.",Femenino,Baja California
Villalobos Rodríguez Laura Alicia,Universidad Autónoma de Campeche,Centro de Estudios de Desarrollo Sustentable y de Aprovechamiento,Femenino,Campeche
Villanueva Alonzo Hernán De Jesús,Universidad Autónoma de Yucatán,Centro de Investigaciones Regionales Dr. Hideyo Noguchi,Masculino,Yucatán
Villanueva Maldonado Juvenal,Universidad Autónoma de Zacatecas,Unidad Académica de Ingeniería Eléctrica,Masculino,Zacatecas
Villanueva Sierra Jose Juan,Universidad Autónoma de Tamaulipas,Unidad Académica Multidisciplinaria Reynosa-Rodhe,Masculino,Tamaulipas
Villar Luna Edgar,Instituto Politécnico Nacional,Centro Interdisciplinario de Inv. para el Desarrollo..Ciidir,Masculino,Michoacán
Villarreal Marroquín María Guadalupe,"Centro de Investigación en Matemáticas, A.C.",CIMAT Monterrey,Femenino,Nuevo León
Villela Y Mendoza Almendra,"Centro de Investigación Científica de Yucatán, A.C.",Unidad de Ciencias del Agua,Femenino,Quintana Roo
Villicaña Torres María Claudia,Universidad Autónoma de Yucatán,Facultad de Ingeniería Química,Femenino,Yucatán
Wilson Herrán Mario César,"Centro de Investigación Científica y de Educación Superior de Ensenada, B.C.",Dirección de Estudios de Posgrado,Masculino,Baja California
Wolf  Sonja,"Centro de Investigación y Docencia Económicas, A.C.",Secretaría Académica,Femenino,Aguascalientes
Yanez Soto Bernardo,Universidad Autónoma de San Luis Potosí,Coordinación para la Innovación y Aplicación de la Ciencia,Masculino,San Luis Potosí
Yoldi Negrete María,Instituto Nacional de Psiquiatría Ramón de la Fuente Muñiz,Instituto Nacional de Psiquiatría Ramón de la Fuente Muñiz,Femenino,Distrito Federal
Zambrano Rengel Griselda Elena,Universidad Autónoma de Campeche,Centro de Estudios de Desarrollo Sustentable y de Aprovechamiento,Femenino,Campeche
Zamora Vilchis Itzel,Universidad de Quintana Roo,División de Ciencias e Ingenierías,Femenino,Quintana Roo
Zamudio Meza Horacio,Instituto Nacional de Cancerología,Instituto Nacional de Cancerología,Masculino,Distrito Federal
Zapata González Iván De Jesús,Tecnológico Nacional de México (DGEST),Instituto Tecnológico de Tijuana,Masculino,Baja California
